timestep_1,timestep_2
2020,
2030,
all,h0001
all,h0002
all,h0003
all,h0004
all,h0005
all,h0006
all,h0007
all,h0008
all,h0009
all,h0010
all,h0011
all,h0012
all,h0013
all,h0014
all,h0015
all,h0016
all,h0017
all,h0018
all,h0019
all,h0020
all,h0021
all,h0022
all,h0023
all,h0024
all,h0025
all,h0026
all,h0027
all,h0028
all,h0029
all,h0030
all,h0031
all,h0032
all,h0033
all,h0034
all,h0035
all,h0036
all,h0037
all,h0038
all,h0039
all,h0040
all,h0041
all,h0042
all,h0043
all,h0044
all,h0045
all,h0046
all,h0047
all,h0048
all,h0049
all,h0050
all,h0051
all,h0052
all,h0053
all,h0054
all,h0055
all,h0056
all,h0057
all,h0058
all,h0059
all,h0060
all,h0061
all,h0062
all,h0063
all,h0064
all,h0065
all,h0066
all,h0067
all,h0068
all,h0069
all,h0070
all,h0071
all,h0072
all,h0073
all,h0074
all,h0075
all,h0076
all,h0077
all,h0078
all,h0079
all,h0080
all,h0081
all,h0082
all,h0083
all,h0084
all,h0085
all,h0086
all,h0087
all,h0088
all,h0089
all,h0090
all,h0091
all,h0092
all,h0093
all,h0094
all,h0095
all,h0096
all,h0097
all,h0098
all,h0099
all,h0100
all,h0101
all,h0102
all,h0103
all,h0104
all,h0105
all,h0106
all,h0107
all,h0108
all,h0109
all,h0110
all,h0111
all,h0112
all,h0113
all,h0114
all,h0115
all,h0116
all,h0117
all,h0118
all,h0119
all,h0120
all,h0121
all,h0122
all,h0123
all,h0124
all,h0125
all,h0126
all,h0127
all,h0128
all,h0129
all,h0130
all,h0131
all,h0132
all,h0133
all,h0134
all,h0135
all,h0136
all,h0137
all,h0138
all,h0139
all,h0140
all,h0141
all,h0142
all,h0143
all,h0144
all,h0145
all,h0146
all,h0147
all,h0148
all,h0149
all,h0150
all,h0151
all,h0152
all,h0153
all,h0154
all,h0155
all,h0156
all,h0157
all,h0158
all,h0159
all,h0160
all,h0161
all,h0162
all,h0163
all,h0164
all,h0165
all,h0166
all,h0167
all,h0168
all,h0169
all,h0170
all,h0171
all,h0172
all,h0173
all,h0174
all,h0175
all,h0176
all,h0177
all,h0178
all,h0179
all,h0180
all,h0181
all,h0182
all,h0183
all,h0184
all,h0185
all,h0186
all,h0187
all,h0188
all,h0189
all,h0190
all,h0191
all,h0192
all,h0193
all,h0194
all,h0195
all,h0196
all,h0197
all,h0198
all,h0199
all,h0200
all,h0201
all,h0202
all,h0203
all,h0204
all,h0205
all,h0206
all,h0207
all,h0208
all,h0209
all,h0210
all,h0211
all,h0212
all,h0213
all,h0214
all,h0215
all,h0216
all,h0217
all,h0218
all,h0219
all,h0220
all,h0221
all,h0222
all,h0223
all,h0224
all,h0225
all,h0226
all,h0227
all,h0228
all,h0229
all,h0230
all,h0231
all,h0232
all,h0233
all,h0234
all,h0235
all,h0236
all,h0237
all,h0238
all,h0239
all,h0240
all,h0241
all,h0242
all,h0243
all,h0244
all,h0245
all,h0246
all,h0247
all,h0248
all,h0249
all,h0250
all,h0251
all,h0252
all,h0253
all,h0254
all,h0255
all,h0256
all,h0257
all,h0258
all,h0259
all,h0260
all,h0261
all,h0262
all,h0263
all,h0264
all,h0265
all,h0266
all,h0267
all,h0268
all,h0269
all,h0270
all,h0271
all,h0272
all,h0273
all,h0274
all,h0275
all,h0276
all,h0277
all,h0278
all,h0279
all,h0280
all,h0281
all,h0282
all,h0283
all,h0284
all,h0285
all,h0286
all,h0287
all,h0288
all,h0289
all,h0290
all,h0291
all,h0292
all,h0293
all,h0294
all,h0295
all,h0296
all,h0297
all,h0298
all,h0299
all,h0300
all,h0301
all,h0302
all,h0303
all,h0304
all,h0305
all,h0306
all,h0307
all,h0308
all,h0309
all,h0310
all,h0311
all,h0312
all,h0313
all,h0314
all,h0315
all,h0316
all,h0317
all,h0318
all,h0319
all,h0320
all,h0321
all,h0322
all,h0323
all,h0324
all,h0325
all,h0326
all,h0327
all,h0328
all,h0329
all,h0330
all,h0331
all,h0332
all,h0333
all,h0334
all,h0335
all,h0336
all,h0337
all,h0338
all,h0339
all,h0340
all,h0341
all,h0342
all,h0343
all,h0344
all,h0345
all,h0346
all,h0347
all,h0348
all,h0349
all,h0350
all,h0351
all,h0352
all,h0353
all,h0354
all,h0355
all,h0356
all,h0357
all,h0358
all,h0359
all,h0360
all,h0361
all,h0362
all,h0363
all,h0364
all,h0365
all,h0366
all,h0367
all,h0368
all,h0369
all,h0370
all,h0371
all,h0372
all,h0373
all,h0374
all,h0375
all,h0376
all,h0377
all,h0378
all,h0379
all,h0380
all,h0381
all,h0382
all,h0383
all,h0384
all,h0385
all,h0386
all,h0387
all,h0388
all,h0389
all,h0390
all,h0391
all,h0392
all,h0393
all,h0394
all,h0395
all,h0396
all,h0397
all,h0398
all,h0399
all,h0400
all,h0401
all,h0402
all,h0403
all,h0404
all,h0405
all,h0406
all,h0407
all,h0408
all,h0409
all,h0410
all,h0411
all,h0412
all,h0413
all,h0414
all,h0415
all,h0416
all,h0417
all,h0418
all,h0419
all,h0420
all,h0421
all,h0422
all,h0423
all,h0424
all,h0425
all,h0426
all,h0427
all,h0428
all,h0429
all,h0430
all,h0431
all,h0432
all,h0433
all,h0434
all,h0435
all,h0436
all,h0437
all,h0438
all,h0439
all,h0440
all,h0441
all,h0442
all,h0443
all,h0444
all,h0445
all,h0446
all,h0447
all,h0448
all,h0449
all,h0450
all,h0451
all,h0452
all,h0453
all,h0454
all,h0455
all,h0456
all,h0457
all,h0458
all,h0459
all,h0460
all,h0461
all,h0462
all,h0463
all,h0464
all,h0465
all,h0466
all,h0467
all,h0468
all,h0469
all,h0470
all,h0471
all,h0472
all,h0473
all,h0474
all,h0475
all,h0476
all,h0477
all,h0478
all,h0479
all,h0480
all,h0481
all,h0482
all,h0483
all,h0484
all,h0485
all,h0486
all,h0487
all,h0488
all,h0489
all,h0490
all,h0491
all,h0492
all,h0493
all,h0494
all,h0495
all,h0496
all,h0497
all,h0498
all,h0499
all,h0500
all,h0501
all,h0502
all,h0503
all,h0504
all,h0505
all,h0506
all,h0507
all,h0508
all,h0509
all,h0510
all,h0511
all,h0512
all,h0513
all,h0514
all,h0515
all,h0516
all,h0517
all,h0518
all,h0519
all,h0520
all,h0521
all,h0522
all,h0523
all,h0524
all,h0525
all,h0526
all,h0527
all,h0528
all,h0529
all,h0530
all,h0531
all,h0532
all,h0533
all,h0534
all,h0535
all,h0536
all,h0537
all,h0538
all,h0539
all,h0540
all,h0541
all,h0542
all,h0543
all,h0544
all,h0545
all,h0546
all,h0547
all,h0548
all,h0549
all,h0550
all,h0551
all,h0552
all,h0553
all,h0554
all,h0555
all,h0556
all,h0557
all,h0558
all,h0559
all,h0560
all,h0561
all,h0562
all,h0563
all,h0564
all,h0565
all,h0566
all,h0567
all,h0568
all,h0569
all,h0570
all,h0571
all,h0572
all,h0573
all,h0574
all,h0575
all,h0576
all,h0577
all,h0578
all,h0579
all,h0580
all,h0581
all,h0582
all,h0583
all,h0584
all,h0585
all,h0586
all,h0587
all,h0588
all,h0589
all,h0590
all,h0591
all,h0592
all,h0593
all,h0594
all,h0595
all,h0596
all,h0597
all,h0598
all,h0599
all,h0600
all,h0601
all,h0602
all,h0603
all,h0604
all,h0605
all,h0606
all,h0607
all,h0608
all,h0609
all,h0610
all,h0611
all,h0612
all,h0613
all,h0614
all,h0615
all,h0616
all,h0617
all,h0618
all,h0619
all,h0620
all,h0621
all,h0622
all,h0623
all,h0624
all,h0625
all,h0626
all,h0627
all,h0628
all,h0629
all,h0630
all,h0631
all,h0632
all,h0633
all,h0634
all,h0635
all,h0636
all,h0637
all,h0638
all,h0639
all,h0640
all,h0641
all,h0642
all,h0643
all,h0644
all,h0645
all,h0646
all,h0647
all,h0648
all,h0649
all,h0650
all,h0651
all,h0652
all,h0653
all,h0654
all,h0655
all,h0656
all,h0657
all,h0658
all,h0659
all,h0660
all,h0661
all,h0662
all,h0663
all,h0664
all,h0665
all,h0666
all,h0667
all,h0668
all,h0669
all,h0670
all,h0671
all,h0672
all,h0673
all,h0674
all,h0675
all,h0676
all,h0677
all,h0678
all,h0679
all,h0680
all,h0681
all,h0682
all,h0683
all,h0684
all,h0685
all,h0686
all,h0687
all,h0688
all,h0689
all,h0690
all,h0691
all,h0692
all,h0693
all,h0694
all,h0695
all,h0696
all,h0697
all,h0698
all,h0699
all,h0700
all,h0701
all,h0702
all,h0703
all,h0704
all,h0705
all,h0706
all,h0707
all,h0708
all,h0709
all,h0710
all,h0711
all,h0712
all,h0713
all,h0714
all,h0715
all,h0716
all,h0717
all,h0718
all,h0719
all,h0720
all,h0721
all,h0722
all,h0723
all,h0724
all,h0725
all,h0726
all,h0727
all,h0728
all,h0729
all,h0730
all,h0731
all,h0732
all,h0733
all,h0734
all,h0735
all,h0736
all,h0737
all,h0738
all,h0739
all,h0740
all,h0741
all,h0742
all,h0743
all,h0744
all,h0745
all,h0746
all,h0747
all,h0748
all,h0749
all,h0750
all,h0751
all,h0752
all,h0753
all,h0754
all,h0755
all,h0756
all,h0757
all,h0758
all,h0759
all,h0760
all,h0761
all,h0762
all,h0763
all,h0764
all,h0765
all,h0766
all,h0767
all,h0768
all,h0769
all,h0770
all,h0771
all,h0772
all,h0773
all,h0774
all,h0775
all,h0776
all,h0777
all,h0778
all,h0779
all,h0780
all,h0781
all,h0782
all,h0783
all,h0784
all,h0785
all,h0786
all,h0787
all,h0788
all,h0789
all,h0790
all,h0791
all,h0792
all,h0793
all,h0794
all,h0795
all,h0796
all,h0797
all,h0798
all,h0799
all,h0800
all,h0801
all,h0802
all,h0803
all,h0804
all,h0805
all,h0806
all,h0807
all,h0808
all,h0809
all,h0810
all,h0811
all,h0812
all,h0813
all,h0814
all,h0815
all,h0816
all,h0817
all,h0818
all,h0819
all,h0820
all,h0821
all,h0822
all,h0823
all,h0824
all,h0825
all,h0826
all,h0827
all,h0828
all,h0829
all,h0830
all,h0831
all,h0832
all,h0833
all,h0834
all,h0835
all,h0836
all,h0837
all,h0838
all,h0839
all,h0840
all,h0841
all,h0842
all,h0843
all,h0844
all,h0845
all,h0846
all,h0847
all,h0848
all,h0849
all,h0850
all,h0851
all,h0852
all,h0853
all,h0854
all,h0855
all,h0856
all,h0857
all,h0858
all,h0859
all,h0860
all,h0861
all,h0862
all,h0863
all,h0864
all,h0865
all,h0866
all,h0867
all,h0868
all,h0869
all,h0870
all,h0871
all,h0872
all,h0873
all,h0874
all,h0875
all,h0876
all,h0877
all,h0878
all,h0879
all,h0880
all,h0881
all,h0882
all,h0883
all,h0884
all,h0885
all,h0886
all,h0887
all,h0888
all,h0889
all,h0890
all,h0891
all,h0892
all,h0893
all,h0894
all,h0895
all,h0896
all,h0897
all,h0898
all,h0899
all,h0900
all,h0901
all,h0902
all,h0903
all,h0904
all,h0905
all,h0906
all,h0907
all,h0908
all,h0909
all,h0910
all,h0911
all,h0912
all,h0913
all,h0914
all,h0915
all,h0916
all,h0917
all,h0918
all,h0919
all,h0920
all,h0921
all,h0922
all,h0923
all,h0924
all,h0925
all,h0926
all,h0927
all,h0928
all,h0929
all,h0930
all,h0931
all,h0932
all,h0933
all,h0934
all,h0935
all,h0936
all,h0937
all,h0938
all,h0939
all,h0940
all,h0941
all,h0942
all,h0943
all,h0944
all,h0945
all,h0946
all,h0947
all,h0948
all,h0949
all,h0950
all,h0951
all,h0952
all,h0953
all,h0954
all,h0955
all,h0956
all,h0957
all,h0958
all,h0959
all,h0960
all,h0961
all,h0962
all,h0963
all,h0964
all,h0965
all,h0966
all,h0967
all,h0968
all,h0969
all,h0970
all,h0971
all,h0972
all,h0973
all,h0974
all,h0975
all,h0976
all,h0977
all,h0978
all,h0979
all,h0980
all,h0981
all,h0982
all,h0983
all,h0984
all,h0985
all,h0986
all,h0987
all,h0988
all,h0989
all,h0990
all,h0991
all,h0992
all,h0993
all,h0994
all,h0995
all,h0996
all,h0997
all,h0998
all,h0999
all,h1000
all,h1001
all,h1002
all,h1003
all,h1004
all,h1005
all,h1006
all,h1007
all,h1008
all,h1009
all,h1010
all,h1011
all,h1012
all,h1013
all,h1014
all,h1015
all,h1016
all,h1017
all,h1018
all,h1019
all,h1020
all,h1021
all,h1022
all,h1023
all,h1024
all,h1025
all,h1026
all,h1027
all,h1028
all,h1029
all,h1030
all,h1031
all,h1032
all,h1033
all,h1034
all,h1035
all,h1036
all,h1037
all,h1038
all,h1039
all,h1040
all,h1041
all,h1042
all,h1043
all,h1044
all,h1045
all,h1046
all,h1047
all,h1048
all,h1049
all,h1050
all,h1051
all,h1052
all,h1053
all,h1054
all,h1055
all,h1056
all,h1057
all,h1058
all,h1059
all,h1060
all,h1061
all,h1062
all,h1063
all,h1064
all,h1065
all,h1066
all,h1067
all,h1068
all,h1069
all,h1070
all,h1071
all,h1072
all,h1073
all,h1074
all,h1075
all,h1076
all,h1077
all,h1078
all,h1079
all,h1080
all,h1081
all,h1082
all,h1083
all,h1084
all,h1085
all,h1086
all,h1087
all,h1088
all,h1089
all,h1090
all,h1091
all,h1092
all,h1093
all,h1094
all,h1095
all,h1096
all,h1097
all,h1098
all,h1099
all,h1100
all,h1101
all,h1102
all,h1103
all,h1104
all,h1105
all,h1106
all,h1107
all,h1108
all,h1109
all,h1110
all,h1111
all,h1112
all,h1113
all,h1114
all,h1115
all,h1116
all,h1117
all,h1118
all,h1119
all,h1120
all,h1121
all,h1122
all,h1123
all,h1124
all,h1125
all,h1126
all,h1127
all,h1128
all,h1129
all,h1130
all,h1131
all,h1132
all,h1133
all,h1134
all,h1135
all,h1136
all,h1137
all,h1138
all,h1139
all,h1140
all,h1141
all,h1142
all,h1143
all,h1144
all,h1145
all,h1146
all,h1147
all,h1148
all,h1149
all,h1150
all,h1151
all,h1152
all,h1153
all,h1154
all,h1155
all,h1156
all,h1157
all,h1158
all,h1159
all,h1160
all,h1161
all,h1162
all,h1163
all,h1164
all,h1165
all,h1166
all,h1167
all,h1168
all,h1169
all,h1170
all,h1171
all,h1172
all,h1173
all,h1174
all,h1175
all,h1176
all,h1177
all,h1178
all,h1179
all,h1180
all,h1181
all,h1182
all,h1183
all,h1184
all,h1185
all,h1186
all,h1187
all,h1188
all,h1189
all,h1190
all,h1191
all,h1192
all,h1193
all,h1194
all,h1195
all,h1196
all,h1197
all,h1198
all,h1199
all,h1200
all,h1201
all,h1202
all,h1203
all,h1204
all,h1205
all,h1206
all,h1207
all,h1208
all,h1209
all,h1210
all,h1211
all,h1212
all,h1213
all,h1214
all,h1215
all,h1216
all,h1217
all,h1218
all,h1219
all,h1220
all,h1221
all,h1222
all,h1223
all,h1224
all,h1225
all,h1226
all,h1227
all,h1228
all,h1229
all,h1230
all,h1231
all,h1232
all,h1233
all,h1234
all,h1235
all,h1236
all,h1237
all,h1238
all,h1239
all,h1240
all,h1241
all,h1242
all,h1243
all,h1244
all,h1245
all,h1246
all,h1247
all,h1248
all,h1249
all,h1250
all,h1251
all,h1252
all,h1253
all,h1254
all,h1255
all,h1256
all,h1257
all,h1258
all,h1259
all,h1260
all,h1261
all,h1262
all,h1263
all,h1264
all,h1265
all,h1266
all,h1267
all,h1268
all,h1269
all,h1270
all,h1271
all,h1272
all,h1273
all,h1274
all,h1275
all,h1276
all,h1277
all,h1278
all,h1279
all,h1280
all,h1281
all,h1282
all,h1283
all,h1284
all,h1285
all,h1286
all,h1287
all,h1288
all,h1289
all,h1290
all,h1291
all,h1292
all,h1293
all,h1294
all,h1295
all,h1296
all,h1297
all,h1298
all,h1299
all,h1300
all,h1301
all,h1302
all,h1303
all,h1304
all,h1305
all,h1306
all,h1307
all,h1308
all,h1309
all,h1310
all,h1311
all,h1312
all,h1313
all,h1314
all,h1315
all,h1316
all,h1317
all,h1318
all,h1319
all,h1320
all,h1321
all,h1322
all,h1323
all,h1324
all,h1325
all,h1326
all,h1327
all,h1328
all,h1329
all,h1330
all,h1331
all,h1332
all,h1333
all,h1334
all,h1335
all,h1336
all,h1337
all,h1338
all,h1339
all,h1340
all,h1341
all,h1342
all,h1343
all,h1344
all,h1345
all,h1346
all,h1347
all,h1348
all,h1349
all,h1350
all,h1351
all,h1352
all,h1353
all,h1354
all,h1355
all,h1356
all,h1357
all,h1358
all,h1359
all,h1360
all,h1361
all,h1362
all,h1363
all,h1364
all,h1365
all,h1366
all,h1367
all,h1368
all,h1369
all,h1370
all,h1371
all,h1372
all,h1373
all,h1374
all,h1375
all,h1376
all,h1377
all,h1378
all,h1379
all,h1380
all,h1381
all,h1382
all,h1383
all,h1384
all,h1385
all,h1386
all,h1387
all,h1388
all,h1389
all,h1390
all,h1391
all,h1392
all,h1393
all,h1394
all,h1395
all,h1396
all,h1397
all,h1398
all,h1399
all,h1400
all,h1401
all,h1402
all,h1403
all,h1404
all,h1405
all,h1406
all,h1407
all,h1408
all,h1409
all,h1410
all,h1411
all,h1412
all,h1413
all,h1414
all,h1415
all,h1416
all,h1417
all,h1418
all,h1419
all,h1420
all,h1421
all,h1422
all,h1423
all,h1424
all,h1425
all,h1426
all,h1427
all,h1428
all,h1429
all,h1430
all,h1431
all,h1432
all,h1433
all,h1434
all,h1435
all,h1436
all,h1437
all,h1438
all,h1439
all,h1440
all,h1441
all,h1442
all,h1443
all,h1444
all,h1445
all,h1446
all,h1447
all,h1448
all,h1449
all,h1450
all,h1451
all,h1452
all,h1453
all,h1454
all,h1455
all,h1456
all,h1457
all,h1458
all,h1459
all,h1460
all,h1461
all,h1462
all,h1463
all,h1464
all,h1465
all,h1466
all,h1467
all,h1468
all,h1469
all,h1470
all,h1471
all,h1472
all,h1473
all,h1474
all,h1475
all,h1476
all,h1477
all,h1478
all,h1479
all,h1480
all,h1481
all,h1482
all,h1483
all,h1484
all,h1485
all,h1486
all,h1487
all,h1488
all,h1489
all,h1490
all,h1491
all,h1492
all,h1493
all,h1494
all,h1495
all,h1496
all,h1497
all,h1498
all,h1499
all,h1500
all,h1501
all,h1502
all,h1503
all,h1504
all,h1505
all,h1506
all,h1507
all,h1508
all,h1509
all,h1510
all,h1511
all,h1512
all,h1513
all,h1514
all,h1515
all,h1516
all,h1517
all,h1518
all,h1519
all,h1520
all,h1521
all,h1522
all,h1523
all,h1524
all,h1525
all,h1526
all,h1527
all,h1528
all,h1529
all,h1530
all,h1531
all,h1532
all,h1533
all,h1534
all,h1535
all,h1536
all,h1537
all,h1538
all,h1539
all,h1540
all,h1541
all,h1542
all,h1543
all,h1544
all,h1545
all,h1546
all,h1547
all,h1548
all,h1549
all,h1550
all,h1551
all,h1552
all,h1553
all,h1554
all,h1555
all,h1556
all,h1557
all,h1558
all,h1559
all,h1560
all,h1561
all,h1562
all,h1563
all,h1564
all,h1565
all,h1566
all,h1567
all,h1568
all,h1569
all,h1570
all,h1571
all,h1572
all,h1573
all,h1574
all,h1575
all,h1576
all,h1577
all,h1578
all,h1579
all,h1580
all,h1581
all,h1582
all,h1583
all,h1584
all,h1585
all,h1586
all,h1587
all,h1588
all,h1589
all,h1590
all,h1591
all,h1592
all,h1593
all,h1594
all,h1595
all,h1596
all,h1597
all,h1598
all,h1599
all,h1600
all,h1601
all,h1602
all,h1603
all,h1604
all,h1605
all,h1606
all,h1607
all,h1608
all,h1609
all,h1610
all,h1611
all,h1612
all,h1613
all,h1614
all,h1615
all,h1616
all,h1617
all,h1618
all,h1619
all,h1620
all,h1621
all,h1622
all,h1623
all,h1624
all,h1625
all,h1626
all,h1627
all,h1628
all,h1629
all,h1630
all,h1631
all,h1632
all,h1633
all,h1634
all,h1635
all,h1636
all,h1637
all,h1638
all,h1639
all,h1640
all,h1641
all,h1642
all,h1643
all,h1644
all,h1645
all,h1646
all,h1647
all,h1648
all,h1649
all,h1650
all,h1651
all,h1652
all,h1653
all,h1654
all,h1655
all,h1656
all,h1657
all,h1658
all,h1659
all,h1660
all,h1661
all,h1662
all,h1663
all,h1664
all,h1665
all,h1666
all,h1667
all,h1668
all,h1669
all,h1670
all,h1671
all,h1672
all,h1673
all,h1674
all,h1675
all,h1676
all,h1677
all,h1678
all,h1679
all,h1680
all,h1681
all,h1682
all,h1683
all,h1684
all,h1685
all,h1686
all,h1687
all,h1688
all,h1689
all,h1690
all,h1691
all,h1692
all,h1693
all,h1694
all,h1695
all,h1696
all,h1697
all,h1698
all,h1699
all,h1700
all,h1701
all,h1702
all,h1703
all,h1704
all,h1705
all,h1706
all,h1707
all,h1708
all,h1709
all,h1710
all,h1711
all,h1712
all,h1713
all,h1714
all,h1715
all,h1716
all,h1717
all,h1718
all,h1719
all,h1720
all,h1721
all,h1722
all,h1723
all,h1724
all,h1725
all,h1726
all,h1727
all,h1728
all,h1729
all,h1730
all,h1731
all,h1732
all,h1733
all,h1734
all,h1735
all,h1736
all,h1737
all,h1738
all,h1739
all,h1740
all,h1741
all,h1742
all,h1743
all,h1744
all,h1745
all,h1746
all,h1747
all,h1748
all,h1749
all,h1750
all,h1751
all,h1752
all,h1753
all,h1754
all,h1755
all,h1756
all,h1757
all,h1758
all,h1759
all,h1760
all,h1761
all,h1762
all,h1763
all,h1764
all,h1765
all,h1766
all,h1767
all,h1768
all,h1769
all,h1770
all,h1771
all,h1772
all,h1773
all,h1774
all,h1775
all,h1776
all,h1777
all,h1778
all,h1779
all,h1780
all,h1781
all,h1782
all,h1783
all,h1784
all,h1785
all,h1786
all,h1787
all,h1788
all,h1789
all,h1790
all,h1791
all,h1792
all,h1793
all,h1794
all,h1795
all,h1796
all,h1797
all,h1798
all,h1799
all,h1800
all,h1801
all,h1802
all,h1803
all,h1804
all,h1805
all,h1806
all,h1807
all,h1808
all,h1809
all,h1810
all,h1811
all,h1812
all,h1813
all,h1814
all,h1815
all,h1816
all,h1817
all,h1818
all,h1819
all,h1820
all,h1821
all,h1822
all,h1823
all,h1824
all,h1825
all,h1826
all,h1827
all,h1828
all,h1829
all,h1830
all,h1831
all,h1832
all,h1833
all,h1834
all,h1835
all,h1836
all,h1837
all,h1838
all,h1839
all,h1840
all,h1841
all,h1842
all,h1843
all,h1844
all,h1845
all,h1846
all,h1847
all,h1848
all,h1849
all,h1850
all,h1851
all,h1852
all,h1853
all,h1854
all,h1855
all,h1856
all,h1857
all,h1858
all,h1859
all,h1860
all,h1861
all,h1862
all,h1863
all,h1864
all,h1865
all,h1866
all,h1867
all,h1868
all,h1869
all,h1870
all,h1871
all,h1872
all,h1873
all,h1874
all,h1875
all,h1876
all,h1877
all,h1878
all,h1879
all,h1880
all,h1881
all,h1882
all,h1883
all,h1884
all,h1885
all,h1886
all,h1887
all,h1888
all,h1889
all,h1890
all,h1891
all,h1892
all,h1893
all,h1894
all,h1895
all,h1896
all,h1897
all,h1898
all,h1899
all,h1900
all,h1901
all,h1902
all,h1903
all,h1904
all,h1905
all,h1906
all,h1907
all,h1908
all,h1909
all,h1910
all,h1911
all,h1912
all,h1913
all,h1914
all,h1915
all,h1916
all,h1917
all,h1918
all,h1919
all,h1920
all,h1921
all,h1922
all,h1923
all,h1924
all,h1925
all,h1926
all,h1927
all,h1928
all,h1929
all,h1930
all,h1931
all,h1932
all,h1933
all,h1934
all,h1935
all,h1936
all,h1937
all,h1938
all,h1939
all,h1940
all,h1941
all,h1942
all,h1943
all,h1944
all,h1945
all,h1946
all,h1947
all,h1948
all,h1949
all,h1950
all,h1951
all,h1952
all,h1953
all,h1954
all,h1955
all,h1956
all,h1957
all,h1958
all,h1959
all,h1960
all,h1961
all,h1962
all,h1963
all,h1964
all,h1965
all,h1966
all,h1967
all,h1968
all,h1969
all,h1970
all,h1971
all,h1972
all,h1973
all,h1974
all,h1975
all,h1976
all,h1977
all,h1978
all,h1979
all,h1980
all,h1981
all,h1982
all,h1983
all,h1984
all,h1985
all,h1986
all,h1987
all,h1988
all,h1989
all,h1990
all,h1991
all,h1992
all,h1993
all,h1994
all,h1995
all,h1996
all,h1997
all,h1998
all,h1999
all,h2000
all,h2001
all,h2002
all,h2003
all,h2004
all,h2005
all,h2006
all,h2007
all,h2008
all,h2009
all,h2010
all,h2011
all,h2012
all,h2013
all,h2014
all,h2015
all,h2016
all,h2017
all,h2018
all,h2019
all,h2020
all,h2021
all,h2022
all,h2023
all,h2024
all,h2025
all,h2026
all,h2027
all,h2028
all,h2029
all,h2030
all,h2031
all,h2032
all,h2033
all,h2034
all,h2035
all,h2036
all,h2037
all,h2038
all,h2039
all,h2040
all,h2041
all,h2042
all,h2043
all,h2044
all,h2045
all,h2046
all,h2047
all,h2048
all,h2049
all,h2050
all,h2051
all,h2052
all,h2053
all,h2054
all,h2055
all,h2056
all,h2057
all,h2058
all,h2059
all,h2060
all,h2061
all,h2062
all,h2063
all,h2064
all,h2065
all,h2066
all,h2067
all,h2068
all,h2069
all,h2070
all,h2071
all,h2072
all,h2073
all,h2074
all,h2075
all,h2076
all,h2077
all,h2078
all,h2079
all,h2080
all,h2081
all,h2082
all,h2083
all,h2084
all,h2085
all,h2086
all,h2087
all,h2088
all,h2089
all,h2090
all,h2091
all,h2092
all,h2093
all,h2094
all,h2095
all,h2096
all,h2097
all,h2098
all,h2099
all,h2100
all,h2101
all,h2102
all,h2103
all,h2104
all,h2105
all,h2106
all,h2107
all,h2108
all,h2109
all,h2110
all,h2111
all,h2112
all,h2113
all,h2114
all,h2115
all,h2116
all,h2117
all,h2118
all,h2119
all,h2120
all,h2121
all,h2122
all,h2123
all,h2124
all,h2125
all,h2126
all,h2127
all,h2128
all,h2129
all,h2130
all,h2131
all,h2132
all,h2133
all,h2134
all,h2135
all,h2136
all,h2137
all,h2138
all,h2139
all,h2140
all,h2141
all,h2142
all,h2143
all,h2144
all,h2145
all,h2146
all,h2147
all,h2148
all,h2149
all,h2150
all,h2151
all,h2152
all,h2153
all,h2154
all,h2155
all,h2156
all,h2157
all,h2158
all,h2159
all,h2160
all,h2161
all,h2162
all,h2163
all,h2164
all,h2165
all,h2166
all,h2167
all,h2168
all,h2169
all,h2170
all,h2171
all,h2172
all,h2173
all,h2174
all,h2175
all,h2176
all,h2177
all,h2178
all,h2179
all,h2180
all,h2181
all,h2182
all,h2183
all,h2184
all,h2185
all,h2186
all,h2187
all,h2188
all,h2189
all,h2190
all,h2191
all,h2192
all,h2193
all,h2194
all,h2195
all,h2196
all,h2197
all,h2198
all,h2199
all,h2200
all,h2201
all,h2202
all,h2203
all,h2204
all,h2205
all,h2206
all,h2207
all,h2208
all,h2209
all,h2210
all,h2211
all,h2212
all,h2213
all,h2214
all,h2215
all,h2216
all,h2217
all,h2218
all,h2219
all,h2220
all,h2221
all,h2222
all,h2223
all,h2224
all,h2225
all,h2226
all,h2227
all,h2228
all,h2229
all,h2230
all,h2231
all,h2232
all,h2233
all,h2234
all,h2235
all,h2236
all,h2237
all,h2238
all,h2239
all,h2240
all,h2241
all,h2242
all,h2243
all,h2244
all,h2245
all,h2246
all,h2247
all,h2248
all,h2249
all,h2250
all,h2251
all,h2252
all,h2253
all,h2254
all,h2255
all,h2256
all,h2257
all,h2258
all,h2259
all,h2260
all,h2261
all,h2262
all,h2263
all,h2264
all,h2265
all,h2266
all,h2267
all,h2268
all,h2269
all,h2270
all,h2271
all,h2272
all,h2273
all,h2274
all,h2275
all,h2276
all,h2277
all,h2278
all,h2279
all,h2280
all,h2281
all,h2282
all,h2283
all,h2284
all,h2285
all,h2286
all,h2287
all,h2288
all,h2289
all,h2290
all,h2291
all,h2292
all,h2293
all,h2294
all,h2295
all,h2296
all,h2297
all,h2298
all,h2299
all,h2300
all,h2301
all,h2302
all,h2303
all,h2304
all,h2305
all,h2306
all,h2307
all,h2308
all,h2309
all,h2310
all,h2311
all,h2312
all,h2313
all,h2314
all,h2315
all,h2316
all,h2317
all,h2318
all,h2319
all,h2320
all,h2321
all,h2322
all,h2323
all,h2324
all,h2325
all,h2326
all,h2327
all,h2328
all,h2329
all,h2330
all,h2331
all,h2332
all,h2333
all,h2334
all,h2335
all,h2336
all,h2337
all,h2338
all,h2339
all,h2340
all,h2341
all,h2342
all,h2343
all,h2344
all,h2345
all,h2346
all,h2347
all,h2348
all,h2349
all,h2350
all,h2351
all,h2352
all,h2353
all,h2354
all,h2355
all,h2356
all,h2357
all,h2358
all,h2359
all,h2360
all,h2361
all,h2362
all,h2363
all,h2364
all,h2365
all,h2366
all,h2367
all,h2368
all,h2369
all,h2370
all,h2371
all,h2372
all,h2373
all,h2374
all,h2375
all,h2376
all,h2377
all,h2378
all,h2379
all,h2380
all,h2381
all,h2382
all,h2383
all,h2384
all,h2385
all,h2386
all,h2387
all,h2388
all,h2389
all,h2390
all,h2391
all,h2392
all,h2393
all,h2394
all,h2395
all,h2396
all,h2397
all,h2398
all,h2399
all,h2400
all,h2401
all,h2402
all,h2403
all,h2404
all,h2405
all,h2406
all,h2407
all,h2408
all,h2409
all,h2410
all,h2411
all,h2412
all,h2413
all,h2414
all,h2415
all,h2416
all,h2417
all,h2418
all,h2419
all,h2420
all,h2421
all,h2422
all,h2423
all,h2424
all,h2425
all,h2426
all,h2427
all,h2428
all,h2429
all,h2430
all,h2431
all,h2432
all,h2433
all,h2434
all,h2435
all,h2436
all,h2437
all,h2438
all,h2439
all,h2440
all,h2441
all,h2442
all,h2443
all,h2444
all,h2445
all,h2446
all,h2447
all,h2448
all,h2449
all,h2450
all,h2451
all,h2452
all,h2453
all,h2454
all,h2455
all,h2456
all,h2457
all,h2458
all,h2459
all,h2460
all,h2461
all,h2462
all,h2463
all,h2464
all,h2465
all,h2466
all,h2467
all,h2468
all,h2469
all,h2470
all,h2471
all,h2472
all,h2473
all,h2474
all,h2475
all,h2476
all,h2477
all,h2478
all,h2479
all,h2480
all,h2481
all,h2482
all,h2483
all,h2484
all,h2485
all,h2486
all,h2487
all,h2488
all,h2489
all,h2490
all,h2491
all,h2492
all,h2493
all,h2494
all,h2495
all,h2496
all,h2497
all,h2498
all,h2499
all,h2500
all,h2501
all,h2502
all,h2503
all,h2504
all,h2505
all,h2506
all,h2507
all,h2508
all,h2509
all,h2510
all,h2511
all,h2512
all,h2513
all,h2514
all,h2515
all,h2516
all,h2517
all,h2518
all,h2519
all,h2520
all,h2521
all,h2522
all,h2523
all,h2524
all,h2525
all,h2526
all,h2527
all,h2528
all,h2529
all,h2530
all,h2531
all,h2532
all,h2533
all,h2534
all,h2535
all,h2536
all,h2537
all,h2538
all,h2539
all,h2540
all,h2541
all,h2542
all,h2543
all,h2544
all,h2545
all,h2546
all,h2547
all,h2548
all,h2549
all,h2550
all,h2551
all,h2552
all,h2553
all,h2554
all,h2555
all,h2556
all,h2557
all,h2558
all,h2559
all,h2560
all,h2561
all,h2562
all,h2563
all,h2564
all,h2565
all,h2566
all,h2567
all,h2568
all,h2569
all,h2570
all,h2571
all,h2572
all,h2573
all,h2574
all,h2575
all,h2576
all,h2577
all,h2578
all,h2579
all,h2580
all,h2581
all,h2582
all,h2583
all,h2584
all,h2585
all,h2586
all,h2587
all,h2588
all,h2589
all,h2590
all,h2591
all,h2592
all,h2593
all,h2594
all,h2595
all,h2596
all,h2597
all,h2598
all,h2599
all,h2600
all,h2601
all,h2602
all,h2603
all,h2604
all,h2605
all,h2606
all,h2607
all,h2608
all,h2609
all,h2610
all,h2611
all,h2612
all,h2613
all,h2614
all,h2615
all,h2616
all,h2617
all,h2618
all,h2619
all,h2620
all,h2621
all,h2622
all,h2623
all,h2624
all,h2625
all,h2626
all,h2627
all,h2628
all,h2629
all,h2630
all,h2631
all,h2632
all,h2633
all,h2634
all,h2635
all,h2636
all,h2637
all,h2638
all,h2639
all,h2640
all,h2641
all,h2642
all,h2643
all,h2644
all,h2645
all,h2646
all,h2647
all,h2648
all,h2649
all,h2650
all,h2651
all,h2652
all,h2653
all,h2654
all,h2655
all,h2656
all,h2657
all,h2658
all,h2659
all,h2660
all,h2661
all,h2662
all,h2663
all,h2664
all,h2665
all,h2666
all,h2667
all,h2668
all,h2669
all,h2670
all,h2671
all,h2672
all,h2673
all,h2674
all,h2675
all,h2676
all,h2677
all,h2678
all,h2679
all,h2680
all,h2681
all,h2682
all,h2683
all,h2684
all,h2685
all,h2686
all,h2687
all,h2688
all,h2689
all,h2690
all,h2691
all,h2692
all,h2693
all,h2694
all,h2695
all,h2696
all,h2697
all,h2698
all,h2699
all,h2700
all,h2701
all,h2702
all,h2703
all,h2704
all,h2705
all,h2706
all,h2707
all,h2708
all,h2709
all,h2710
all,h2711
all,h2712
all,h2713
all,h2714
all,h2715
all,h2716
all,h2717
all,h2718
all,h2719
all,h2720
all,h2721
all,h2722
all,h2723
all,h2724
all,h2725
all,h2726
all,h2727
all,h2728
all,h2729
all,h2730
all,h2731
all,h2732
all,h2733
all,h2734
all,h2735
all,h2736
all,h2737
all,h2738
all,h2739
all,h2740
all,h2741
all,h2742
all,h2743
all,h2744
all,h2745
all,h2746
all,h2747
all,h2748
all,h2749
all,h2750
all,h2751
all,h2752
all,h2753
all,h2754
all,h2755
all,h2756
all,h2757
all,h2758
all,h2759
all,h2760
all,h2761
all,h2762
all,h2763
all,h2764
all,h2765
all,h2766
all,h2767
all,h2768
all,h2769
all,h2770
all,h2771
all,h2772
all,h2773
all,h2774
all,h2775
all,h2776
all,h2777
all,h2778
all,h2779
all,h2780
all,h2781
all,h2782
all,h2783
all,h2784
all,h2785
all,h2786
all,h2787
all,h2788
all,h2789
all,h2790
all,h2791
all,h2792
all,h2793
all,h2794
all,h2795
all,h2796
all,h2797
all,h2798
all,h2799
all,h2800
all,h2801
all,h2802
all,h2803
all,h2804
all,h2805
all,h2806
all,h2807
all,h2808
all,h2809
all,h2810
all,h2811
all,h2812
all,h2813
all,h2814
all,h2815
all,h2816
all,h2817
all,h2818
all,h2819
all,h2820
all,h2821
all,h2822
all,h2823
all,h2824
all,h2825
all,h2826
all,h2827
all,h2828
all,h2829
all,h2830
all,h2831
all,h2832
all,h2833
all,h2834
all,h2835
all,h2836
all,h2837
all,h2838
all,h2839
all,h2840
all,h2841
all,h2842
all,h2843
all,h2844
all,h2845
all,h2846
all,h2847
all,h2848
all,h2849
all,h2850
all,h2851
all,h2852
all,h2853
all,h2854
all,h2855
all,h2856
all,h2857
all,h2858
all,h2859
all,h2860
all,h2861
all,h2862
all,h2863
all,h2864
all,h2865
all,h2866
all,h2867
all,h2868
all,h2869
all,h2870
all,h2871
all,h2872
all,h2873
all,h2874
all,h2875
all,h2876
all,h2877
all,h2878
all,h2879
all,h2880
all,h2881
all,h2882
all,h2883
all,h2884
all,h2885
all,h2886
all,h2887
all,h2888
all,h2889
all,h2890
all,h2891
all,h2892
all,h2893
all,h2894
all,h2895
all,h2896
all,h2897
all,h2898
all,h2899
all,h2900
all,h2901
all,h2902
all,h2903
all,h2904
all,h2905
all,h2906
all,h2907
all,h2908
all,h2909
all,h2910
all,h2911
all,h2912
all,h2913
all,h2914
all,h2915
all,h2916
all,h2917
all,h2918
all,h2919
all,h2920
all,h2921
all,h2922
all,h2923
all,h2924
all,h2925
all,h2926
all,h2927
all,h2928
all,h2929
all,h2930
all,h2931
all,h2932
all,h2933
all,h2934
all,h2935
all,h2936
all,h2937
all,h2938
all,h2939
all,h2940
all,h2941
all,h2942
all,h2943
all,h2944
all,h2945
all,h2946
all,h2947
all,h2948
all,h2949
all,h2950
all,h2951
all,h2952
all,h2953
all,h2954
all,h2955
all,h2956
all,h2957
all,h2958
all,h2959
all,h2960
all,h2961
all,h2962
all,h2963
all,h2964
all,h2965
all,h2966
all,h2967
all,h2968
all,h2969
all,h2970
all,h2971
all,h2972
all,h2973
all,h2974
all,h2975
all,h2976
all,h2977
all,h2978
all,h2979
all,h2980
all,h2981
all,h2982
all,h2983
all,h2984
all,h2985
all,h2986
all,h2987
all,h2988
all,h2989
all,h2990
all,h2991
all,h2992
all,h2993
all,h2994
all,h2995
all,h2996
all,h2997
all,h2998
all,h2999
all,h3000
all,h3001
all,h3002
all,h3003
all,h3004
all,h3005
all,h3006
all,h3007
all,h3008
all,h3009
all,h3010
all,h3011
all,h3012
all,h3013
all,h3014
all,h3015
all,h3016
all,h3017
all,h3018
all,h3019
all,h3020
all,h3021
all,h3022
all,h3023
all,h3024
all,h3025
all,h3026
all,h3027
all,h3028
all,h3029
all,h3030
all,h3031
all,h3032
all,h3033
all,h3034
all,h3035
all,h3036
all,h3037
all,h3038
all,h3039
all,h3040
all,h3041
all,h3042
all,h3043
all,h3044
all,h3045
all,h3046
all,h3047
all,h3048
all,h3049
all,h3050
all,h3051
all,h3052
all,h3053
all,h3054
all,h3055
all,h3056
all,h3057
all,h3058
all,h3059
all,h3060
all,h3061
all,h3062
all,h3063
all,h3064
all,h3065
all,h3066
all,h3067
all,h3068
all,h3069
all,h3070
all,h3071
all,h3072
all,h3073
all,h3074
all,h3075
all,h3076
all,h3077
all,h3078
all,h3079
all,h3080
all,h3081
all,h3082
all,h3083
all,h3084
all,h3085
all,h3086
all,h3087
all,h3088
all,h3089
all,h3090
all,h3091
all,h3092
all,h3093
all,h3094
all,h3095
all,h3096
all,h3097
all,h3098
all,h3099
all,h3100
all,h3101
all,h3102
all,h3103
all,h3104
all,h3105
all,h3106
all,h3107
all,h3108
all,h3109
all,h3110
all,h3111
all,h3112
all,h3113
all,h3114
all,h3115
all,h3116
all,h3117
all,h3118
all,h3119
all,h3120
all,h3121
all,h3122
all,h3123
all,h3124
all,h3125
all,h3126
all,h3127
all,h3128
all,h3129
all,h3130
all,h3131
all,h3132
all,h3133
all,h3134
all,h3135
all,h3136
all,h3137
all,h3138
all,h3139
all,h3140
all,h3141
all,h3142
all,h3143
all,h3144
all,h3145
all,h3146
all,h3147
all,h3148
all,h3149
all,h3150
all,h3151
all,h3152
all,h3153
all,h3154
all,h3155
all,h3156
all,h3157
all,h3158
all,h3159
all,h3160
all,h3161
all,h3162
all,h3163
all,h3164
all,h3165
all,h3166
all,h3167
all,h3168
all,h3169
all,h3170
all,h3171
all,h3172
all,h3173
all,h3174
all,h3175
all,h3176
all,h3177
all,h3178
all,h3179
all,h3180
all,h3181
all,h3182
all,h3183
all,h3184
all,h3185
all,h3186
all,h3187
all,h3188
all,h3189
all,h3190
all,h3191
all,h3192
all,h3193
all,h3194
all,h3195
all,h3196
all,h3197
all,h3198
all,h3199
all,h3200
all,h3201
all,h3202
all,h3203
all,h3204
all,h3205
all,h3206
all,h3207
all,h3208
all,h3209
all,h3210
all,h3211
all,h3212
all,h3213
all,h3214
all,h3215
all,h3216
all,h3217
all,h3218
all,h3219
all,h3220
all,h3221
all,h3222
all,h3223
all,h3224
all,h3225
all,h3226
all,h3227
all,h3228
all,h3229
all,h3230
all,h3231
all,h3232
all,h3233
all,h3234
all,h3235
all,h3236
all,h3237
all,h3238
all,h3239
all,h3240
all,h3241
all,h3242
all,h3243
all,h3244
all,h3245
all,h3246
all,h3247
all,h3248
all,h3249
all,h3250
all,h3251
all,h3252
all,h3253
all,h3254
all,h3255
all,h3256
all,h3257
all,h3258
all,h3259
all,h3260
all,h3261
all,h3262
all,h3263
all,h3264
all,h3265
all,h3266
all,h3267
all,h3268
all,h3269
all,h3270
all,h3271
all,h3272
all,h3273
all,h3274
all,h3275
all,h3276
all,h3277
all,h3278
all,h3279
all,h3280
all,h3281
all,h3282
all,h3283
all,h3284
all,h3285
all,h3286
all,h3287
all,h3288
all,h3289
all,h3290
all,h3291
all,h3292
all,h3293
all,h3294
all,h3295
all,h3296
all,h3297
all,h3298
all,h3299
all,h3300
all,h3301
all,h3302
all,h3303
all,h3304
all,h3305
all,h3306
all,h3307
all,h3308
all,h3309
all,h3310
all,h3311
all,h3312
all,h3313
all,h3314
all,h3315
all,h3316
all,h3317
all,h3318
all,h3319
all,h3320
all,h3321
all,h3322
all,h3323
all,h3324
all,h3325
all,h3326
all,h3327
all,h3328
all,h3329
all,h3330
all,h3331
all,h3332
all,h3333
all,h3334
all,h3335
all,h3336
all,h3337
all,h3338
all,h3339
all,h3340
all,h3341
all,h3342
all,h3343
all,h3344
all,h3345
all,h3346
all,h3347
all,h3348
all,h3349
all,h3350
all,h3351
all,h3352
all,h3353
all,h3354
all,h3355
all,h3356
all,h3357
all,h3358
all,h3359
all,h3360
all,h3361
all,h3362
all,h3363
all,h3364
all,h3365
all,h3366
all,h3367
all,h3368
all,h3369
all,h3370
all,h3371
all,h3372
all,h3373
all,h3374
all,h3375
all,h3376
all,h3377
all,h3378
all,h3379
all,h3380
all,h3381
all,h3382
all,h3383
all,h3384
all,h3385
all,h3386
all,h3387
all,h3388
all,h3389
all,h3390
all,h3391
all,h3392
all,h3393
all,h3394
all,h3395
all,h3396
all,h3397
all,h3398
all,h3399
all,h3400
all,h3401
all,h3402
all,h3403
all,h3404
all,h3405
all,h3406
all,h3407
all,h3408
all,h3409
all,h3410
all,h3411
all,h3412
all,h3413
all,h3414
all,h3415
all,h3416
all,h3417
all,h3418
all,h3419
all,h3420
all,h3421
all,h3422
all,h3423
all,h3424
all,h3425
all,h3426
all,h3427
all,h3428
all,h3429
all,h3430
all,h3431
all,h3432
all,h3433
all,h3434
all,h3435
all,h3436
all,h3437
all,h3438
all,h3439
all,h3440
all,h3441
all,h3442
all,h3443
all,h3444
all,h3445
all,h3446
all,h3447
all,h3448
all,h3449
all,h3450
all,h3451
all,h3452
all,h3453
all,h3454
all,h3455
all,h3456
all,h3457
all,h3458
all,h3459
all,h3460
all,h3461
all,h3462
all,h3463
all,h3464
all,h3465
all,h3466
all,h3467
all,h3468
all,h3469
all,h3470
all,h3471
all,h3472
all,h3473
all,h3474
all,h3475
all,h3476
all,h3477
all,h3478
all,h3479
all,h3480
all,h3481
all,h3482
all,h3483
all,h3484
all,h3485
all,h3486
all,h3487
all,h3488
all,h3489
all,h3490
all,h3491
all,h3492
all,h3493
all,h3494
all,h3495
all,h3496
all,h3497
all,h3498
all,h3499
all,h3500
all,h3501
all,h3502
all,h3503
all,h3504
all,h3505
all,h3506
all,h3507
all,h3508
all,h3509
all,h3510
all,h3511
all,h3512
all,h3513
all,h3514
all,h3515
all,h3516
all,h3517
all,h3518
all,h3519
all,h3520
all,h3521
all,h3522
all,h3523
all,h3524
all,h3525
all,h3526
all,h3527
all,h3528
all,h3529
all,h3530
all,h3531
all,h3532
all,h3533
all,h3534
all,h3535
all,h3536
all,h3537
all,h3538
all,h3539
all,h3540
all,h3541
all,h3542
all,h3543
all,h3544
all,h3545
all,h3546
all,h3547
all,h3548
all,h3549
all,h3550
all,h3551
all,h3552
all,h3553
all,h3554
all,h3555
all,h3556
all,h3557
all,h3558
all,h3559
all,h3560
all,h3561
all,h3562
all,h3563
all,h3564
all,h3565
all,h3566
all,h3567
all,h3568
all,h3569
all,h3570
all,h3571
all,h3572
all,h3573
all,h3574
all,h3575
all,h3576
all,h3577
all,h3578
all,h3579
all,h3580
all,h3581
all,h3582
all,h3583
all,h3584
all,h3585
all,h3586
all,h3587
all,h3588
all,h3589
all,h3590
all,h3591
all,h3592
all,h3593
all,h3594
all,h3595
all,h3596
all,h3597
all,h3598
all,h3599
all,h3600
all,h3601
all,h3602
all,h3603
all,h3604
all,h3605
all,h3606
all,h3607
all,h3608
all,h3609
all,h3610
all,h3611
all,h3612
all,h3613
all,h3614
all,h3615
all,h3616
all,h3617
all,h3618
all,h3619
all,h3620
all,h3621
all,h3622
all,h3623
all,h3624
all,h3625
all,h3626
all,h3627
all,h3628
all,h3629
all,h3630
all,h3631
all,h3632
all,h3633
all,h3634
all,h3635
all,h3636
all,h3637
all,h3638
all,h3639
all,h3640
all,h3641
all,h3642
all,h3643
all,h3644
all,h3645
all,h3646
all,h3647
all,h3648
all,h3649
all,h3650
all,h3651
all,h3652
all,h3653
all,h3654
all,h3655
all,h3656
all,h3657
all,h3658
all,h3659
all,h3660
all,h3661
all,h3662
all,h3663
all,h3664
all,h3665
all,h3666
all,h3667
all,h3668
all,h3669
all,h3670
all,h3671
all,h3672
all,h3673
all,h3674
all,h3675
all,h3676
all,h3677
all,h3678
all,h3679
all,h3680
all,h3681
all,h3682
all,h3683
all,h3684
all,h3685
all,h3686
all,h3687
all,h3688
all,h3689
all,h3690
all,h3691
all,h3692
all,h3693
all,h3694
all,h3695
all,h3696
all,h3697
all,h3698
all,h3699
all,h3700
all,h3701
all,h3702
all,h3703
all,h3704
all,h3705
all,h3706
all,h3707
all,h3708
all,h3709
all,h3710
all,h3711
all,h3712
all,h3713
all,h3714
all,h3715
all,h3716
all,h3717
all,h3718
all,h3719
all,h3720
all,h3721
all,h3722
all,h3723
all,h3724
all,h3725
all,h3726
all,h3727
all,h3728
all,h3729
all,h3730
all,h3731
all,h3732
all,h3733
all,h3734
all,h3735
all,h3736
all,h3737
all,h3738
all,h3739
all,h3740
all,h3741
all,h3742
all,h3743
all,h3744
all,h3745
all,h3746
all,h3747
all,h3748
all,h3749
all,h3750
all,h3751
all,h3752
all,h3753
all,h3754
all,h3755
all,h3756
all,h3757
all,h3758
all,h3759
all,h3760
all,h3761
all,h3762
all,h3763
all,h3764
all,h3765
all,h3766
all,h3767
all,h3768
all,h3769
all,h3770
all,h3771
all,h3772
all,h3773
all,h3774
all,h3775
all,h3776
all,h3777
all,h3778
all,h3779
all,h3780
all,h3781
all,h3782
all,h3783
all,h3784
all,h3785
all,h3786
all,h3787
all,h3788
all,h3789
all,h3790
all,h3791
all,h3792
all,h3793
all,h3794
all,h3795
all,h3796
all,h3797
all,h3798
all,h3799
all,h3800
all,h3801
all,h3802
all,h3803
all,h3804
all,h3805
all,h3806
all,h3807
all,h3808
all,h3809
all,h3810
all,h3811
all,h3812
all,h3813
all,h3814
all,h3815
all,h3816
all,h3817
all,h3818
all,h3819
all,h3820
all,h3821
all,h3822
all,h3823
all,h3824
all,h3825
all,h3826
all,h3827
all,h3828
all,h3829
all,h3830
all,h3831
all,h3832
all,h3833
all,h3834
all,h3835
all,h3836
all,h3837
all,h3838
all,h3839
all,h3840
all,h3841
all,h3842
all,h3843
all,h3844
all,h3845
all,h3846
all,h3847
all,h3848
all,h3849
all,h3850
all,h3851
all,h3852
all,h3853
all,h3854
all,h3855
all,h3856
all,h3857
all,h3858
all,h3859
all,h3860
all,h3861
all,h3862
all,h3863
all,h3864
all,h3865
all,h3866
all,h3867
all,h3868
all,h3869
all,h3870
all,h3871
all,h3872
all,h3873
all,h3874
all,h3875
all,h3876
all,h3877
all,h3878
all,h3879
all,h3880
all,h3881
all,h3882
all,h3883
all,h3884
all,h3885
all,h3886
all,h3887
all,h3888
all,h3889
all,h3890
all,h3891
all,h3892
all,h3893
all,h3894
all,h3895
all,h3896
all,h3897
all,h3898
all,h3899
all,h3900
all,h3901
all,h3902
all,h3903
all,h3904
all,h3905
all,h3906
all,h3907
all,h3908
all,h3909
all,h3910
all,h3911
all,h3912
all,h3913
all,h3914
all,h3915
all,h3916
all,h3917
all,h3918
all,h3919
all,h3920
all,h3921
all,h3922
all,h3923
all,h3924
all,h3925
all,h3926
all,h3927
all,h3928
all,h3929
all,h3930
all,h3931
all,h3932
all,h3933
all,h3934
all,h3935
all,h3936
all,h3937
all,h3938
all,h3939
all,h3940
all,h3941
all,h3942
all,h3943
all,h3944
all,h3945
all,h3946
all,h3947
all,h3948
all,h3949
all,h3950
all,h3951
all,h3952
all,h3953
all,h3954
all,h3955
all,h3956
all,h3957
all,h3958
all,h3959
all,h3960
all,h3961
all,h3962
all,h3963
all,h3964
all,h3965
all,h3966
all,h3967
all,h3968
all,h3969
all,h3970
all,h3971
all,h3972
all,h3973
all,h3974
all,h3975
all,h3976
all,h3977
all,h3978
all,h3979
all,h3980
all,h3981
all,h3982
all,h3983
all,h3984
all,h3985
all,h3986
all,h3987
all,h3988
all,h3989
all,h3990
all,h3991
all,h3992
all,h3993
all,h3994
all,h3995
all,h3996
all,h3997
all,h3998
all,h3999
all,h4000
all,h4001
all,h4002
all,h4003
all,h4004
all,h4005
all,h4006
all,h4007
all,h4008
all,h4009
all,h4010
all,h4011
all,h4012
all,h4013
all,h4014
all,h4015
all,h4016
all,h4017
all,h4018
all,h4019
all,h4020
all,h4021
all,h4022
all,h4023
all,h4024
all,h4025
all,h4026
all,h4027
all,h4028
all,h4029
all,h4030
all,h4031
all,h4032
all,h4033
all,h4034
all,h4035
all,h4036
all,h4037
all,h4038
all,h4039
all,h4040
all,h4041
all,h4042
all,h4043
all,h4044
all,h4045
all,h4046
all,h4047
all,h4048
all,h4049
all,h4050
all,h4051
all,h4052
all,h4053
all,h4054
all,h4055
all,h4056
all,h4057
all,h4058
all,h4059
all,h4060
all,h4061
all,h4062
all,h4063
all,h4064
all,h4065
all,h4066
all,h4067
all,h4068
all,h4069
all,h4070
all,h4071
all,h4072
all,h4073
all,h4074
all,h4075
all,h4076
all,h4077
all,h4078
all,h4079
all,h4080
all,h4081
all,h4082
all,h4083
all,h4084
all,h4085
all,h4086
all,h4087
all,h4088
all,h4089
all,h4090
all,h4091
all,h4092
all,h4093
all,h4094
all,h4095
all,h4096
all,h4097
all,h4098
all,h4099
all,h4100
all,h4101
all,h4102
all,h4103
all,h4104
all,h4105
all,h4106
all,h4107
all,h4108
all,h4109
all,h4110
all,h4111
all,h4112
all,h4113
all,h4114
all,h4115
all,h4116
all,h4117
all,h4118
all,h4119
all,h4120
all,h4121
all,h4122
all,h4123
all,h4124
all,h4125
all,h4126
all,h4127
all,h4128
all,h4129
all,h4130
all,h4131
all,h4132
all,h4133
all,h4134
all,h4135
all,h4136
all,h4137
all,h4138
all,h4139
all,h4140
all,h4141
all,h4142
all,h4143
all,h4144
all,h4145
all,h4146
all,h4147
all,h4148
all,h4149
all,h4150
all,h4151
all,h4152
all,h4153
all,h4154
all,h4155
all,h4156
all,h4157
all,h4158
all,h4159
all,h4160
all,h4161
all,h4162
all,h4163
all,h4164
all,h4165
all,h4166
all,h4167
all,h4168
all,h4169
all,h4170
all,h4171
all,h4172
all,h4173
all,h4174
all,h4175
all,h4176
all,h4177
all,h4178
all,h4179
all,h4180
all,h4181
all,h4182
all,h4183
all,h4184
all,h4185
all,h4186
all,h4187
all,h4188
all,h4189
all,h4190
all,h4191
all,h4192
all,h4193
all,h4194
all,h4195
all,h4196
all,h4197
all,h4198
all,h4199
all,h4200
all,h4201
all,h4202
all,h4203
all,h4204
all,h4205
all,h4206
all,h4207
all,h4208
all,h4209
all,h4210
all,h4211
all,h4212
all,h4213
all,h4214
all,h4215
all,h4216
all,h4217
all,h4218
all,h4219
all,h4220
all,h4221
all,h4222
all,h4223
all,h4224
all,h4225
all,h4226
all,h4227
all,h4228
all,h4229
all,h4230
all,h4231
all,h4232
all,h4233
all,h4234
all,h4235
all,h4236
all,h4237
all,h4238
all,h4239
all,h4240
all,h4241
all,h4242
all,h4243
all,h4244
all,h4245
all,h4246
all,h4247
all,h4248
all,h4249
all,h4250
all,h4251
all,h4252
all,h4253
all,h4254
all,h4255
all,h4256
all,h4257
all,h4258
all,h4259
all,h4260
all,h4261
all,h4262
all,h4263
all,h4264
all,h4265
all,h4266
all,h4267
all,h4268
all,h4269
all,h4270
all,h4271
all,h4272
all,h4273
all,h4274
all,h4275
all,h4276
all,h4277
all,h4278
all,h4279
all,h4280
all,h4281
all,h4282
all,h4283
all,h4284
all,h4285
all,h4286
all,h4287
all,h4288
all,h4289
all,h4290
all,h4291
all,h4292
all,h4293
all,h4294
all,h4295
all,h4296
all,h4297
all,h4298
all,h4299
all,h4300
all,h4301
all,h4302
all,h4303
all,h4304
all,h4305
all,h4306
all,h4307
all,h4308
all,h4309
all,h4310
all,h4311
all,h4312
all,h4313
all,h4314
all,h4315
all,h4316
all,h4317
all,h4318
all,h4319
all,h4320
all,h4321
all,h4322
all,h4323
all,h4324
all,h4325
all,h4326
all,h4327
all,h4328
all,h4329
all,h4330
all,h4331
all,h4332
all,h4333
all,h4334
all,h4335
all,h4336
all,h4337
all,h4338
all,h4339
all,h4340
all,h4341
all,h4342
all,h4343
all,h4344
all,h4345
all,h4346
all,h4347
all,h4348
all,h4349
all,h4350
all,h4351
all,h4352
all,h4353
all,h4354
all,h4355
all,h4356
all,h4357
all,h4358
all,h4359
all,h4360
all,h4361
all,h4362
all,h4363
all,h4364
all,h4365
all,h4366
all,h4367
all,h4368
all,h4369
all,h4370
all,h4371
all,h4372
all,h4373
all,h4374
all,h4375
all,h4376
all,h4377
all,h4378
all,h4379
all,h4380
all,h4381
all,h4382
all,h4383
all,h4384
all,h4385
all,h4386
all,h4387
all,h4388
all,h4389
all,h4390
all,h4391
all,h4392
all,h4393
all,h4394
all,h4395
all,h4396
all,h4397
all,h4398
all,h4399
all,h4400
all,h4401
all,h4402
all,h4403
all,h4404
all,h4405
all,h4406
all,h4407
all,h4408
all,h4409
all,h4410
all,h4411
all,h4412
all,h4413
all,h4414
all,h4415
all,h4416
all,h4417
all,h4418
all,h4419
all,h4420
all,h4421
all,h4422
all,h4423
all,h4424
all,h4425
all,h4426
all,h4427
all,h4428
all,h4429
all,h4430
all,h4431
all,h4432
all,h4433
all,h4434
all,h4435
all,h4436
all,h4437
all,h4438
all,h4439
all,h4440
all,h4441
all,h4442
all,h4443
all,h4444
all,h4445
all,h4446
all,h4447
all,h4448
all,h4449
all,h4450
all,h4451
all,h4452
all,h4453
all,h4454
all,h4455
all,h4456
all,h4457
all,h4458
all,h4459
all,h4460
all,h4461
all,h4462
all,h4463
all,h4464
all,h4465
all,h4466
all,h4467
all,h4468
all,h4469
all,h4470
all,h4471
all,h4472
all,h4473
all,h4474
all,h4475
all,h4476
all,h4477
all,h4478
all,h4479
all,h4480
all,h4481
all,h4482
all,h4483
all,h4484
all,h4485
all,h4486
all,h4487
all,h4488
all,h4489
all,h4490
all,h4491
all,h4492
all,h4493
all,h4494
all,h4495
all,h4496
all,h4497
all,h4498
all,h4499
all,h4500
all,h4501
all,h4502
all,h4503
all,h4504
all,h4505
all,h4506
all,h4507
all,h4508
all,h4509
all,h4510
all,h4511
all,h4512
all,h4513
all,h4514
all,h4515
all,h4516
all,h4517
all,h4518
all,h4519
all,h4520
all,h4521
all,h4522
all,h4523
all,h4524
all,h4525
all,h4526
all,h4527
all,h4528
all,h4529
all,h4530
all,h4531
all,h4532
all,h4533
all,h4534
all,h4535
all,h4536
all,h4537
all,h4538
all,h4539
all,h4540
all,h4541
all,h4542
all,h4543
all,h4544
all,h4545
all,h4546
all,h4547
all,h4548
all,h4549
all,h4550
all,h4551
all,h4552
all,h4553
all,h4554
all,h4555
all,h4556
all,h4557
all,h4558
all,h4559
all,h4560
all,h4561
all,h4562
all,h4563
all,h4564
all,h4565
all,h4566
all,h4567
all,h4568
all,h4569
all,h4570
all,h4571
all,h4572
all,h4573
all,h4574
all,h4575
all,h4576
all,h4577
all,h4578
all,h4579
all,h4580
all,h4581
all,h4582
all,h4583
all,h4584
all,h4585
all,h4586
all,h4587
all,h4588
all,h4589
all,h4590
all,h4591
all,h4592
all,h4593
all,h4594
all,h4595
all,h4596
all,h4597
all,h4598
all,h4599
all,h4600
all,h4601
all,h4602
all,h4603
all,h4604
all,h4605
all,h4606
all,h4607
all,h4608
all,h4609
all,h4610
all,h4611
all,h4612
all,h4613
all,h4614
all,h4615
all,h4616
all,h4617
all,h4618
all,h4619
all,h4620
all,h4621
all,h4622
all,h4623
all,h4624
all,h4625
all,h4626
all,h4627
all,h4628
all,h4629
all,h4630
all,h4631
all,h4632
all,h4633
all,h4634
all,h4635
all,h4636
all,h4637
all,h4638
all,h4639
all,h4640
all,h4641
all,h4642
all,h4643
all,h4644
all,h4645
all,h4646
all,h4647
all,h4648
all,h4649
all,h4650
all,h4651
all,h4652
all,h4653
all,h4654
all,h4655
all,h4656
all,h4657
all,h4658
all,h4659
all,h4660
all,h4661
all,h4662
all,h4663
all,h4664
all,h4665
all,h4666
all,h4667
all,h4668
all,h4669
all,h4670
all,h4671
all,h4672
all,h4673
all,h4674
all,h4675
all,h4676
all,h4677
all,h4678
all,h4679
all,h4680
all,h4681
all,h4682
all,h4683
all,h4684
all,h4685
all,h4686
all,h4687
all,h4688
all,h4689
all,h4690
all,h4691
all,h4692
all,h4693
all,h4694
all,h4695
all,h4696
all,h4697
all,h4698
all,h4699
all,h4700
all,h4701
all,h4702
all,h4703
all,h4704
all,h4705
all,h4706
all,h4707
all,h4708
all,h4709
all,h4710
all,h4711
all,h4712
all,h4713
all,h4714
all,h4715
all,h4716
all,h4717
all,h4718
all,h4719
all,h4720
all,h4721
all,h4722
all,h4723
all,h4724
all,h4725
all,h4726
all,h4727
all,h4728
all,h4729
all,h4730
all,h4731
all,h4732
all,h4733
all,h4734
all,h4735
all,h4736
all,h4737
all,h4738
all,h4739
all,h4740
all,h4741
all,h4742
all,h4743
all,h4744
all,h4745
all,h4746
all,h4747
all,h4748
all,h4749
all,h4750
all,h4751
all,h4752
all,h4753
all,h4754
all,h4755
all,h4756
all,h4757
all,h4758
all,h4759
all,h4760
all,h4761
all,h4762
all,h4763
all,h4764
all,h4765
all,h4766
all,h4767
all,h4768
all,h4769
all,h4770
all,h4771
all,h4772
all,h4773
all,h4774
all,h4775
all,h4776
all,h4777
all,h4778
all,h4779
all,h4780
all,h4781
all,h4782
all,h4783
all,h4784
all,h4785
all,h4786
all,h4787
all,h4788
all,h4789
all,h4790
all,h4791
all,h4792
all,h4793
all,h4794
all,h4795
all,h4796
all,h4797
all,h4798
all,h4799
all,h4800
all,h4801
all,h4802
all,h4803
all,h4804
all,h4805
all,h4806
all,h4807
all,h4808
all,h4809
all,h4810
all,h4811
all,h4812
all,h4813
all,h4814
all,h4815
all,h4816
all,h4817
all,h4818
all,h4819
all,h4820
all,h4821
all,h4822
all,h4823
all,h4824
all,h4825
all,h4826
all,h4827
all,h4828
all,h4829
all,h4830
all,h4831
all,h4832
all,h4833
all,h4834
all,h4835
all,h4836
all,h4837
all,h4838
all,h4839
all,h4840
all,h4841
all,h4842
all,h4843
all,h4844
all,h4845
all,h4846
all,h4847
all,h4848
all,h4849
all,h4850
all,h4851
all,h4852
all,h4853
all,h4854
all,h4855
all,h4856
all,h4857
all,h4858
all,h4859
all,h4860
all,h4861
all,h4862
all,h4863
all,h4864
all,h4865
all,h4866
all,h4867
all,h4868
all,h4869
all,h4870
all,h4871
all,h4872
all,h4873
all,h4874
all,h4875
all,h4876
all,h4877
all,h4878
all,h4879
all,h4880
all,h4881
all,h4882
all,h4883
all,h4884
all,h4885
all,h4886
all,h4887
all,h4888
all,h4889
all,h4890
all,h4891
all,h4892
all,h4893
all,h4894
all,h4895
all,h4896
all,h4897
all,h4898
all,h4899
all,h4900
all,h4901
all,h4902
all,h4903
all,h4904
all,h4905
all,h4906
all,h4907
all,h4908
all,h4909
all,h4910
all,h4911
all,h4912
all,h4913
all,h4914
all,h4915
all,h4916
all,h4917
all,h4918
all,h4919
all,h4920
all,h4921
all,h4922
all,h4923
all,h4924
all,h4925
all,h4926
all,h4927
all,h4928
all,h4929
all,h4930
all,h4931
all,h4932
all,h4933
all,h4934
all,h4935
all,h4936
all,h4937
all,h4938
all,h4939
all,h4940
all,h4941
all,h4942
all,h4943
all,h4944
all,h4945
all,h4946
all,h4947
all,h4948
all,h4949
all,h4950
all,h4951
all,h4952
all,h4953
all,h4954
all,h4955
all,h4956
all,h4957
all,h4958
all,h4959
all,h4960
all,h4961
all,h4962
all,h4963
all,h4964
all,h4965
all,h4966
all,h4967
all,h4968
all,h4969
all,h4970
all,h4971
all,h4972
all,h4973
all,h4974
all,h4975
all,h4976
all,h4977
all,h4978
all,h4979
all,h4980
all,h4981
all,h4982
all,h4983
all,h4984
all,h4985
all,h4986
all,h4987
all,h4988
all,h4989
all,h4990
all,h4991
all,h4992
all,h4993
all,h4994
all,h4995
all,h4996
all,h4997
all,h4998
all,h4999
all,h5000
all,h5001
all,h5002
all,h5003
all,h5004
all,h5005
all,h5006
all,h5007
all,h5008
all,h5009
all,h5010
all,h5011
all,h5012
all,h5013
all,h5014
all,h5015
all,h5016
all,h5017
all,h5018
all,h5019
all,h5020
all,h5021
all,h5022
all,h5023
all,h5024
all,h5025
all,h5026
all,h5027
all,h5028
all,h5029
all,h5030
all,h5031
all,h5032
all,h5033
all,h5034
all,h5035
all,h5036
all,h5037
all,h5038
all,h5039
all,h5040
all,h5041
all,h5042
all,h5043
all,h5044
all,h5045
all,h5046
all,h5047
all,h5048
all,h5049
all,h5050
all,h5051
all,h5052
all,h5053
all,h5054
all,h5055
all,h5056
all,h5057
all,h5058
all,h5059
all,h5060
all,h5061
all,h5062
all,h5063
all,h5064
all,h5065
all,h5066
all,h5067
all,h5068
all,h5069
all,h5070
all,h5071
all,h5072
all,h5073
all,h5074
all,h5075
all,h5076
all,h5077
all,h5078
all,h5079
all,h5080
all,h5081
all,h5082
all,h5083
all,h5084
all,h5085
all,h5086
all,h5087
all,h5088
all,h5089
all,h5090
all,h5091
all,h5092
all,h5093
all,h5094
all,h5095
all,h5096
all,h5097
all,h5098
all,h5099
all,h5100
all,h5101
all,h5102
all,h5103
all,h5104
all,h5105
all,h5106
all,h5107
all,h5108
all,h5109
all,h5110
all,h5111
all,h5112
all,h5113
all,h5114
all,h5115
all,h5116
all,h5117
all,h5118
all,h5119
all,h5120
all,h5121
all,h5122
all,h5123
all,h5124
all,h5125
all,h5126
all,h5127
all,h5128
all,h5129
all,h5130
all,h5131
all,h5132
all,h5133
all,h5134
all,h5135
all,h5136
all,h5137
all,h5138
all,h5139
all,h5140
all,h5141
all,h5142
all,h5143
all,h5144
all,h5145
all,h5146
all,h5147
all,h5148
all,h5149
all,h5150
all,h5151
all,h5152
all,h5153
all,h5154
all,h5155
all,h5156
all,h5157
all,h5158
all,h5159
all,h5160
all,h5161
all,h5162
all,h5163
all,h5164
all,h5165
all,h5166
all,h5167
all,h5168
all,h5169
all,h5170
all,h5171
all,h5172
all,h5173
all,h5174
all,h5175
all,h5176
all,h5177
all,h5178
all,h5179
all,h5180
all,h5181
all,h5182
all,h5183
all,h5184
all,h5185
all,h5186
all,h5187
all,h5188
all,h5189
all,h5190
all,h5191
all,h5192
all,h5193
all,h5194
all,h5195
all,h5196
all,h5197
all,h5198
all,h5199
all,h5200
all,h5201
all,h5202
all,h5203
all,h5204
all,h5205
all,h5206
all,h5207
all,h5208
all,h5209
all,h5210
all,h5211
all,h5212
all,h5213
all,h5214
all,h5215
all,h5216
all,h5217
all,h5218
all,h5219
all,h5220
all,h5221
all,h5222
all,h5223
all,h5224
all,h5225
all,h5226
all,h5227
all,h5228
all,h5229
all,h5230
all,h5231
all,h5232
all,h5233
all,h5234
all,h5235
all,h5236
all,h5237
all,h5238
all,h5239
all,h5240
all,h5241
all,h5242
all,h5243
all,h5244
all,h5245
all,h5246
all,h5247
all,h5248
all,h5249
all,h5250
all,h5251
all,h5252
all,h5253
all,h5254
all,h5255
all,h5256
all,h5257
all,h5258
all,h5259
all,h5260
all,h5261
all,h5262
all,h5263
all,h5264
all,h5265
all,h5266
all,h5267
all,h5268
all,h5269
all,h5270
all,h5271
all,h5272
all,h5273
all,h5274
all,h5275
all,h5276
all,h5277
all,h5278
all,h5279
all,h5280
all,h5281
all,h5282
all,h5283
all,h5284
all,h5285
all,h5286
all,h5287
all,h5288
all,h5289
all,h5290
all,h5291
all,h5292
all,h5293
all,h5294
all,h5295
all,h5296
all,h5297
all,h5298
all,h5299
all,h5300
all,h5301
all,h5302
all,h5303
all,h5304
all,h5305
all,h5306
all,h5307
all,h5308
all,h5309
all,h5310
all,h5311
all,h5312
all,h5313
all,h5314
all,h5315
all,h5316
all,h5317
all,h5318
all,h5319
all,h5320
all,h5321
all,h5322
all,h5323
all,h5324
all,h5325
all,h5326
all,h5327
all,h5328
all,h5329
all,h5330
all,h5331
all,h5332
all,h5333
all,h5334
all,h5335
all,h5336
all,h5337
all,h5338
all,h5339
all,h5340
all,h5341
all,h5342
all,h5343
all,h5344
all,h5345
all,h5346
all,h5347
all,h5348
all,h5349
all,h5350
all,h5351
all,h5352
all,h5353
all,h5354
all,h5355
all,h5356
all,h5357
all,h5358
all,h5359
all,h5360
all,h5361
all,h5362
all,h5363
all,h5364
all,h5365
all,h5366
all,h5367
all,h5368
all,h5369
all,h5370
all,h5371
all,h5372
all,h5373
all,h5374
all,h5375
all,h5376
all,h5377
all,h5378
all,h5379
all,h5380
all,h5381
all,h5382
all,h5383
all,h5384
all,h5385
all,h5386
all,h5387
all,h5388
all,h5389
all,h5390
all,h5391
all,h5392
all,h5393
all,h5394
all,h5395
all,h5396
all,h5397
all,h5398
all,h5399
all,h5400
all,h5401
all,h5402
all,h5403
all,h5404
all,h5405
all,h5406
all,h5407
all,h5408
all,h5409
all,h5410
all,h5411
all,h5412
all,h5413
all,h5414
all,h5415
all,h5416
all,h5417
all,h5418
all,h5419
all,h5420
all,h5421
all,h5422
all,h5423
all,h5424
all,h5425
all,h5426
all,h5427
all,h5428
all,h5429
all,h5430
all,h5431
all,h5432
all,h5433
all,h5434
all,h5435
all,h5436
all,h5437
all,h5438
all,h5439
all,h5440
all,h5441
all,h5442
all,h5443
all,h5444
all,h5445
all,h5446
all,h5447
all,h5448
all,h5449
all,h5450
all,h5451
all,h5452
all,h5453
all,h5454
all,h5455
all,h5456
all,h5457
all,h5458
all,h5459
all,h5460
all,h5461
all,h5462
all,h5463
all,h5464
all,h5465
all,h5466
all,h5467
all,h5468
all,h5469
all,h5470
all,h5471
all,h5472
all,h5473
all,h5474
all,h5475
all,h5476
all,h5477
all,h5478
all,h5479
all,h5480
all,h5481
all,h5482
all,h5483
all,h5484
all,h5485
all,h5486
all,h5487
all,h5488
all,h5489
all,h5490
all,h5491
all,h5492
all,h5493
all,h5494
all,h5495
all,h5496
all,h5497
all,h5498
all,h5499
all,h5500
all,h5501
all,h5502
all,h5503
all,h5504
all,h5505
all,h5506
all,h5507
all,h5508
all,h5509
all,h5510
all,h5511
all,h5512
all,h5513
all,h5514
all,h5515
all,h5516
all,h5517
all,h5518
all,h5519
all,h5520
all,h5521
all,h5522
all,h5523
all,h5524
all,h5525
all,h5526
all,h5527
all,h5528
all,h5529
all,h5530
all,h5531
all,h5532
all,h5533
all,h5534
all,h5535
all,h5536
all,h5537
all,h5538
all,h5539
all,h5540
all,h5541
all,h5542
all,h5543
all,h5544
all,h5545
all,h5546
all,h5547
all,h5548
all,h5549
all,h5550
all,h5551
all,h5552
all,h5553
all,h5554
all,h5555
all,h5556
all,h5557
all,h5558
all,h5559
all,h5560
all,h5561
all,h5562
all,h5563
all,h5564
all,h5565
all,h5566
all,h5567
all,h5568
all,h5569
all,h5570
all,h5571
all,h5572
all,h5573
all,h5574
all,h5575
all,h5576
all,h5577
all,h5578
all,h5579
all,h5580
all,h5581
all,h5582
all,h5583
all,h5584
all,h5585
all,h5586
all,h5587
all,h5588
all,h5589
all,h5590
all,h5591
all,h5592
all,h5593
all,h5594
all,h5595
all,h5596
all,h5597
all,h5598
all,h5599
all,h5600
all,h5601
all,h5602
all,h5603
all,h5604
all,h5605
all,h5606
all,h5607
all,h5608
all,h5609
all,h5610
all,h5611
all,h5612
all,h5613
all,h5614
all,h5615
all,h5616
all,h5617
all,h5618
all,h5619
all,h5620
all,h5621
all,h5622
all,h5623
all,h5624
all,h5625
all,h5626
all,h5627
all,h5628
all,h5629
all,h5630
all,h5631
all,h5632
all,h5633
all,h5634
all,h5635
all,h5636
all,h5637
all,h5638
all,h5639
all,h5640
all,h5641
all,h5642
all,h5643
all,h5644
all,h5645
all,h5646
all,h5647
all,h5648
all,h5649
all,h5650
all,h5651
all,h5652
all,h5653
all,h5654
all,h5655
all,h5656
all,h5657
all,h5658
all,h5659
all,h5660
all,h5661
all,h5662
all,h5663
all,h5664
all,h5665
all,h5666
all,h5667
all,h5668
all,h5669
all,h5670
all,h5671
all,h5672
all,h5673
all,h5674
all,h5675
all,h5676
all,h5677
all,h5678
all,h5679
all,h5680
all,h5681
all,h5682
all,h5683
all,h5684
all,h5685
all,h5686
all,h5687
all,h5688
all,h5689
all,h5690
all,h5691
all,h5692
all,h5693
all,h5694
all,h5695
all,h5696
all,h5697
all,h5698
all,h5699
all,h5700
all,h5701
all,h5702
all,h5703
all,h5704
all,h5705
all,h5706
all,h5707
all,h5708
all,h5709
all,h5710
all,h5711
all,h5712
all,h5713
all,h5714
all,h5715
all,h5716
all,h5717
all,h5718
all,h5719
all,h5720
all,h5721
all,h5722
all,h5723
all,h5724
all,h5725
all,h5726
all,h5727
all,h5728
all,h5729
all,h5730
all,h5731
all,h5732
all,h5733
all,h5734
all,h5735
all,h5736
all,h5737
all,h5738
all,h5739
all,h5740
all,h5741
all,h5742
all,h5743
all,h5744
all,h5745
all,h5746
all,h5747
all,h5748
all,h5749
all,h5750
all,h5751
all,h5752
all,h5753
all,h5754
all,h5755
all,h5756
all,h5757
all,h5758
all,h5759
all,h5760
all,h5761
all,h5762
all,h5763
all,h5764
all,h5765
all,h5766
all,h5767
all,h5768
all,h5769
all,h5770
all,h5771
all,h5772
all,h5773
all,h5774
all,h5775
all,h5776
all,h5777
all,h5778
all,h5779
all,h5780
all,h5781
all,h5782
all,h5783
all,h5784
all,h5785
all,h5786
all,h5787
all,h5788
all,h5789
all,h5790
all,h5791
all,h5792
all,h5793
all,h5794
all,h5795
all,h5796
all,h5797
all,h5798
all,h5799
all,h5800
all,h5801
all,h5802
all,h5803
all,h5804
all,h5805
all,h5806
all,h5807
all,h5808
all,h5809
all,h5810
all,h5811
all,h5812
all,h5813
all,h5814
all,h5815
all,h5816
all,h5817
all,h5818
all,h5819
all,h5820
all,h5821
all,h5822
all,h5823
all,h5824
all,h5825
all,h5826
all,h5827
all,h5828
all,h5829
all,h5830
all,h5831
all,h5832
all,h5833
all,h5834
all,h5835
all,h5836
all,h5837
all,h5838
all,h5839
all,h5840
all,h5841
all,h5842
all,h5843
all,h5844
all,h5845
all,h5846
all,h5847
all,h5848
all,h5849
all,h5850
all,h5851
all,h5852
all,h5853
all,h5854
all,h5855
all,h5856
all,h5857
all,h5858
all,h5859
all,h5860
all,h5861
all,h5862
all,h5863
all,h5864
all,h5865
all,h5866
all,h5867
all,h5868
all,h5869
all,h5870
all,h5871
all,h5872
all,h5873
all,h5874
all,h5875
all,h5876
all,h5877
all,h5878
all,h5879
all,h5880
all,h5881
all,h5882
all,h5883
all,h5884
all,h5885
all,h5886
all,h5887
all,h5888
all,h5889
all,h5890
all,h5891
all,h5892
all,h5893
all,h5894
all,h5895
all,h5896
all,h5897
all,h5898
all,h5899
all,h5900
all,h5901
all,h5902
all,h5903
all,h5904
all,h5905
all,h5906
all,h5907
all,h5908
all,h5909
all,h5910
all,h5911
all,h5912
all,h5913
all,h5914
all,h5915
all,h5916
all,h5917
all,h5918
all,h5919
all,h5920
all,h5921
all,h5922
all,h5923
all,h5924
all,h5925
all,h5926
all,h5927
all,h5928
all,h5929
all,h5930
all,h5931
all,h5932
all,h5933
all,h5934
all,h5935
all,h5936
all,h5937
all,h5938
all,h5939
all,h5940
all,h5941
all,h5942
all,h5943
all,h5944
all,h5945
all,h5946
all,h5947
all,h5948
all,h5949
all,h5950
all,h5951
all,h5952
all,h5953
all,h5954
all,h5955
all,h5956
all,h5957
all,h5958
all,h5959
all,h5960
all,h5961
all,h5962
all,h5963
all,h5964
all,h5965
all,h5966
all,h5967
all,h5968
all,h5969
all,h5970
all,h5971
all,h5972
all,h5973
all,h5974
all,h5975
all,h5976
all,h5977
all,h5978
all,h5979
all,h5980
all,h5981
all,h5982
all,h5983
all,h5984
all,h5985
all,h5986
all,h5987
all,h5988
all,h5989
all,h5990
all,h5991
all,h5992
all,h5993
all,h5994
all,h5995
all,h5996
all,h5997
all,h5998
all,h5999
all,h6000
all,h6001
all,h6002
all,h6003
all,h6004
all,h6005
all,h6006
all,h6007
all,h6008
all,h6009
all,h6010
all,h6011
all,h6012
all,h6013
all,h6014
all,h6015
all,h6016
all,h6017
all,h6018
all,h6019
all,h6020
all,h6021
all,h6022
all,h6023
all,h6024
all,h6025
all,h6026
all,h6027
all,h6028
all,h6029
all,h6030
all,h6031
all,h6032
all,h6033
all,h6034
all,h6035
all,h6036
all,h6037
all,h6038
all,h6039
all,h6040
all,h6041
all,h6042
all,h6043
all,h6044
all,h6045
all,h6046
all,h6047
all,h6048
all,h6049
all,h6050
all,h6051
all,h6052
all,h6053
all,h6054
all,h6055
all,h6056
all,h6057
all,h6058
all,h6059
all,h6060
all,h6061
all,h6062
all,h6063
all,h6064
all,h6065
all,h6066
all,h6067
all,h6068
all,h6069
all,h6070
all,h6071
all,h6072
all,h6073
all,h6074
all,h6075
all,h6076
all,h6077
all,h6078
all,h6079
all,h6080
all,h6081
all,h6082
all,h6083
all,h6084
all,h6085
all,h6086
all,h6087
all,h6088
all,h6089
all,h6090
all,h6091
all,h6092
all,h6093
all,h6094
all,h6095
all,h6096
all,h6097
all,h6098
all,h6099
all,h6100
all,h6101
all,h6102
all,h6103
all,h6104
all,h6105
all,h6106
all,h6107
all,h6108
all,h6109
all,h6110
all,h6111
all,h6112
all,h6113
all,h6114
all,h6115
all,h6116
all,h6117
all,h6118
all,h6119
all,h6120
all,h6121
all,h6122
all,h6123
all,h6124
all,h6125
all,h6126
all,h6127
all,h6128
all,h6129
all,h6130
all,h6131
all,h6132
all,h6133
all,h6134
all,h6135
all,h6136
all,h6137
all,h6138
all,h6139
all,h6140
all,h6141
all,h6142
all,h6143
all,h6144
all,h6145
all,h6146
all,h6147
all,h6148
all,h6149
all,h6150
all,h6151
all,h6152
all,h6153
all,h6154
all,h6155
all,h6156
all,h6157
all,h6158
all,h6159
all,h6160
all,h6161
all,h6162
all,h6163
all,h6164
all,h6165
all,h6166
all,h6167
all,h6168
all,h6169
all,h6170
all,h6171
all,h6172
all,h6173
all,h6174
all,h6175
all,h6176
all,h6177
all,h6178
all,h6179
all,h6180
all,h6181
all,h6182
all,h6183
all,h6184
all,h6185
all,h6186
all,h6187
all,h6188
all,h6189
all,h6190
all,h6191
all,h6192
all,h6193
all,h6194
all,h6195
all,h6196
all,h6197
all,h6198
all,h6199
all,h6200
all,h6201
all,h6202
all,h6203
all,h6204
all,h6205
all,h6206
all,h6207
all,h6208
all,h6209
all,h6210
all,h6211
all,h6212
all,h6213
all,h6214
all,h6215
all,h6216
all,h6217
all,h6218
all,h6219
all,h6220
all,h6221
all,h6222
all,h6223
all,h6224
all,h6225
all,h6226
all,h6227
all,h6228
all,h6229
all,h6230
all,h6231
all,h6232
all,h6233
all,h6234
all,h6235
all,h6236
all,h6237
all,h6238
all,h6239
all,h6240
all,h6241
all,h6242
all,h6243
all,h6244
all,h6245
all,h6246
all,h6247
all,h6248
all,h6249
all,h6250
all,h6251
all,h6252
all,h6253
all,h6254
all,h6255
all,h6256
all,h6257
all,h6258
all,h6259
all,h6260
all,h6261
all,h6262
all,h6263
all,h6264
all,h6265
all,h6266
all,h6267
all,h6268
all,h6269
all,h6270
all,h6271
all,h6272
all,h6273
all,h6274
all,h6275
all,h6276
all,h6277
all,h6278
all,h6279
all,h6280
all,h6281
all,h6282
all,h6283
all,h6284
all,h6285
all,h6286
all,h6287
all,h6288
all,h6289
all,h6290
all,h6291
all,h6292
all,h6293
all,h6294
all,h6295
all,h6296
all,h6297
all,h6298
all,h6299
all,h6300
all,h6301
all,h6302
all,h6303
all,h6304
all,h6305
all,h6306
all,h6307
all,h6308
all,h6309
all,h6310
all,h6311
all,h6312
all,h6313
all,h6314
all,h6315
all,h6316
all,h6317
all,h6318
all,h6319
all,h6320
all,h6321
all,h6322
all,h6323
all,h6324
all,h6325
all,h6326
all,h6327
all,h6328
all,h6329
all,h6330
all,h6331
all,h6332
all,h6333
all,h6334
all,h6335
all,h6336
all,h6337
all,h6338
all,h6339
all,h6340
all,h6341
all,h6342
all,h6343
all,h6344
all,h6345
all,h6346
all,h6347
all,h6348
all,h6349
all,h6350
all,h6351
all,h6352
all,h6353
all,h6354
all,h6355
all,h6356
all,h6357
all,h6358
all,h6359
all,h6360
all,h6361
all,h6362
all,h6363
all,h6364
all,h6365
all,h6366
all,h6367
all,h6368
all,h6369
all,h6370
all,h6371
all,h6372
all,h6373
all,h6374
all,h6375
all,h6376
all,h6377
all,h6378
all,h6379
all,h6380
all,h6381
all,h6382
all,h6383
all,h6384
all,h6385
all,h6386
all,h6387
all,h6388
all,h6389
all,h6390
all,h6391
all,h6392
all,h6393
all,h6394
all,h6395
all,h6396
all,h6397
all,h6398
all,h6399
all,h6400
all,h6401
all,h6402
all,h6403
all,h6404
all,h6405
all,h6406
all,h6407
all,h6408
all,h6409
all,h6410
all,h6411
all,h6412
all,h6413
all,h6414
all,h6415
all,h6416
all,h6417
all,h6418
all,h6419
all,h6420
all,h6421
all,h6422
all,h6423
all,h6424
all,h6425
all,h6426
all,h6427
all,h6428
all,h6429
all,h6430
all,h6431
all,h6432
all,h6433
all,h6434
all,h6435
all,h6436
all,h6437
all,h6438
all,h6439
all,h6440
all,h6441
all,h6442
all,h6443
all,h6444
all,h6445
all,h6446
all,h6447
all,h6448
all,h6449
all,h6450
all,h6451
all,h6452
all,h6453
all,h6454
all,h6455
all,h6456
all,h6457
all,h6458
all,h6459
all,h6460
all,h6461
all,h6462
all,h6463
all,h6464
all,h6465
all,h6466
all,h6467
all,h6468
all,h6469
all,h6470
all,h6471
all,h6472
all,h6473
all,h6474
all,h6475
all,h6476
all,h6477
all,h6478
all,h6479
all,h6480
all,h6481
all,h6482
all,h6483
all,h6484
all,h6485
all,h6486
all,h6487
all,h6488
all,h6489
all,h6490
all,h6491
all,h6492
all,h6493
all,h6494
all,h6495
all,h6496
all,h6497
all,h6498
all,h6499
all,h6500
all,h6501
all,h6502
all,h6503
all,h6504
all,h6505
all,h6506
all,h6507
all,h6508
all,h6509
all,h6510
all,h6511
all,h6512
all,h6513
all,h6514
all,h6515
all,h6516
all,h6517
all,h6518
all,h6519
all,h6520
all,h6521
all,h6522
all,h6523
all,h6524
all,h6525
all,h6526
all,h6527
all,h6528
all,h6529
all,h6530
all,h6531
all,h6532
all,h6533
all,h6534
all,h6535
all,h6536
all,h6537
all,h6538
all,h6539
all,h6540
all,h6541
all,h6542
all,h6543
all,h6544
all,h6545
all,h6546
all,h6547
all,h6548
all,h6549
all,h6550
all,h6551
all,h6552
all,h6553
all,h6554
all,h6555
all,h6556
all,h6557
all,h6558
all,h6559
all,h6560
all,h6561
all,h6562
all,h6563
all,h6564
all,h6565
all,h6566
all,h6567
all,h6568
all,h6569
all,h6570
all,h6571
all,h6572
all,h6573
all,h6574
all,h6575
all,h6576
all,h6577
all,h6578
all,h6579
all,h6580
all,h6581
all,h6582
all,h6583
all,h6584
all,h6585
all,h6586
all,h6587
all,h6588
all,h6589
all,h6590
all,h6591
all,h6592
all,h6593
all,h6594
all,h6595
all,h6596
all,h6597
all,h6598
all,h6599
all,h6600
all,h6601
all,h6602
all,h6603
all,h6604
all,h6605
all,h6606
all,h6607
all,h6608
all,h6609
all,h6610
all,h6611
all,h6612
all,h6613
all,h6614
all,h6615
all,h6616
all,h6617
all,h6618
all,h6619
all,h6620
all,h6621
all,h6622
all,h6623
all,h6624
all,h6625
all,h6626
all,h6627
all,h6628
all,h6629
all,h6630
all,h6631
all,h6632
all,h6633
all,h6634
all,h6635
all,h6636
all,h6637
all,h6638
all,h6639
all,h6640
all,h6641
all,h6642
all,h6643
all,h6644
all,h6645
all,h6646
all,h6647
all,h6648
all,h6649
all,h6650
all,h6651
all,h6652
all,h6653
all,h6654
all,h6655
all,h6656
all,h6657
all,h6658
all,h6659
all,h6660
all,h6661
all,h6662
all,h6663
all,h6664
all,h6665
all,h6666
all,h6667
all,h6668
all,h6669
all,h6670
all,h6671
all,h6672
all,h6673
all,h6674
all,h6675
all,h6676
all,h6677
all,h6678
all,h6679
all,h6680
all,h6681
all,h6682
all,h6683
all,h6684
all,h6685
all,h6686
all,h6687
all,h6688
all,h6689
all,h6690
all,h6691
all,h6692
all,h6693
all,h6694
all,h6695
all,h6696
all,h6697
all,h6698
all,h6699
all,h6700
all,h6701
all,h6702
all,h6703
all,h6704
all,h6705
all,h6706
all,h6707
all,h6708
all,h6709
all,h6710
all,h6711
all,h6712
all,h6713
all,h6714
all,h6715
all,h6716
all,h6717
all,h6718
all,h6719
all,h6720
all,h6721
all,h6722
all,h6723
all,h6724
all,h6725
all,h6726
all,h6727
all,h6728
all,h6729
all,h6730
all,h6731
all,h6732
all,h6733
all,h6734
all,h6735
all,h6736
all,h6737
all,h6738
all,h6739
all,h6740
all,h6741
all,h6742
all,h6743
all,h6744
all,h6745
all,h6746
all,h6747
all,h6748
all,h6749
all,h6750
all,h6751
all,h6752
all,h6753
all,h6754
all,h6755
all,h6756
all,h6757
all,h6758
all,h6759
all,h6760
all,h6761
all,h6762
all,h6763
all,h6764
all,h6765
all,h6766
all,h6767
all,h6768
all,h6769
all,h6770
all,h6771
all,h6772
all,h6773
all,h6774
all,h6775
all,h6776
all,h6777
all,h6778
all,h6779
all,h6780
all,h6781
all,h6782
all,h6783
all,h6784
all,h6785
all,h6786
all,h6787
all,h6788
all,h6789
all,h6790
all,h6791
all,h6792
all,h6793
all,h6794
all,h6795
all,h6796
all,h6797
all,h6798
all,h6799
all,h6800
all,h6801
all,h6802
all,h6803
all,h6804
all,h6805
all,h6806
all,h6807
all,h6808
all,h6809
all,h6810
all,h6811
all,h6812
all,h6813
all,h6814
all,h6815
all,h6816
all,h6817
all,h6818
all,h6819
all,h6820
all,h6821
all,h6822
all,h6823
all,h6824
all,h6825
all,h6826
all,h6827
all,h6828
all,h6829
all,h6830
all,h6831
all,h6832
all,h6833
all,h6834
all,h6835
all,h6836
all,h6837
all,h6838
all,h6839
all,h6840
all,h6841
all,h6842
all,h6843
all,h6844
all,h6845
all,h6846
all,h6847
all,h6848
all,h6849
all,h6850
all,h6851
all,h6852
all,h6853
all,h6854
all,h6855
all,h6856
all,h6857
all,h6858
all,h6859
all,h6860
all,h6861
all,h6862
all,h6863
all,h6864
all,h6865
all,h6866
all,h6867
all,h6868
all,h6869
all,h6870
all,h6871
all,h6872
all,h6873
all,h6874
all,h6875
all,h6876
all,h6877
all,h6878
all,h6879
all,h6880
all,h6881
all,h6882
all,h6883
all,h6884
all,h6885
all,h6886
all,h6887
all,h6888
all,h6889
all,h6890
all,h6891
all,h6892
all,h6893
all,h6894
all,h6895
all,h6896
all,h6897
all,h6898
all,h6899
all,h6900
all,h6901
all,h6902
all,h6903
all,h6904
all,h6905
all,h6906
all,h6907
all,h6908
all,h6909
all,h6910
all,h6911
all,h6912
all,h6913
all,h6914
all,h6915
all,h6916
all,h6917
all,h6918
all,h6919
all,h6920
all,h6921
all,h6922
all,h6923
all,h6924
all,h6925
all,h6926
all,h6927
all,h6928
all,h6929
all,h6930
all,h6931
all,h6932
all,h6933
all,h6934
all,h6935
all,h6936
all,h6937
all,h6938
all,h6939
all,h6940
all,h6941
all,h6942
all,h6943
all,h6944
all,h6945
all,h6946
all,h6947
all,h6948
all,h6949
all,h6950
all,h6951
all,h6952
all,h6953
all,h6954
all,h6955
all,h6956
all,h6957
all,h6958
all,h6959
all,h6960
all,h6961
all,h6962
all,h6963
all,h6964
all,h6965
all,h6966
all,h6967
all,h6968
all,h6969
all,h6970
all,h6971
all,h6972
all,h6973
all,h6974
all,h6975
all,h6976
all,h6977
all,h6978
all,h6979
all,h6980
all,h6981
all,h6982
all,h6983
all,h6984
all,h6985
all,h6986
all,h6987
all,h6988
all,h6989
all,h6990
all,h6991
all,h6992
all,h6993
all,h6994
all,h6995
all,h6996
all,h6997
all,h6998
all,h6999
all,h7000
all,h7001
all,h7002
all,h7003
all,h7004
all,h7005
all,h7006
all,h7007
all,h7008
all,h7009
all,h7010
all,h7011
all,h7012
all,h7013
all,h7014
all,h7015
all,h7016
all,h7017
all,h7018
all,h7019
all,h7020
all,h7021
all,h7022
all,h7023
all,h7024
all,h7025
all,h7026
all,h7027
all,h7028
all,h7029
all,h7030
all,h7031
all,h7032
all,h7033
all,h7034
all,h7035
all,h7036
all,h7037
all,h7038
all,h7039
all,h7040
all,h7041
all,h7042
all,h7043
all,h7044
all,h7045
all,h7046
all,h7047
all,h7048
all,h7049
all,h7050
all,h7051
all,h7052
all,h7053
all,h7054
all,h7055
all,h7056
all,h7057
all,h7058
all,h7059
all,h7060
all,h7061
all,h7062
all,h7063
all,h7064
all,h7065
all,h7066
all,h7067
all,h7068
all,h7069
all,h7070
all,h7071
all,h7072
all,h7073
all,h7074
all,h7075
all,h7076
all,h7077
all,h7078
all,h7079
all,h7080
all,h7081
all,h7082
all,h7083
all,h7084
all,h7085
all,h7086
all,h7087
all,h7088
all,h7089
all,h7090
all,h7091
all,h7092
all,h7093
all,h7094
all,h7095
all,h7096
all,h7097
all,h7098
all,h7099
all,h7100
all,h7101
all,h7102
all,h7103
all,h7104
all,h7105
all,h7106
all,h7107
all,h7108
all,h7109
all,h7110
all,h7111
all,h7112
all,h7113
all,h7114
all,h7115
all,h7116
all,h7117
all,h7118
all,h7119
all,h7120
all,h7121
all,h7122
all,h7123
all,h7124
all,h7125
all,h7126
all,h7127
all,h7128
all,h7129
all,h7130
all,h7131
all,h7132
all,h7133
all,h7134
all,h7135
all,h7136
all,h7137
all,h7138
all,h7139
all,h7140
all,h7141
all,h7142
all,h7143
all,h7144
all,h7145
all,h7146
all,h7147
all,h7148
all,h7149
all,h7150
all,h7151
all,h7152
all,h7153
all,h7154
all,h7155
all,h7156
all,h7157
all,h7158
all,h7159
all,h7160
all,h7161
all,h7162
all,h7163
all,h7164
all,h7165
all,h7166
all,h7167
all,h7168
all,h7169
all,h7170
all,h7171
all,h7172
all,h7173
all,h7174
all,h7175
all,h7176
all,h7177
all,h7178
all,h7179
all,h7180
all,h7181
all,h7182
all,h7183
all,h7184
all,h7185
all,h7186
all,h7187
all,h7188
all,h7189
all,h7190
all,h7191
all,h7192
all,h7193
all,h7194
all,h7195
all,h7196
all,h7197
all,h7198
all,h7199
all,h7200
all,h7201
all,h7202
all,h7203
all,h7204
all,h7205
all,h7206
all,h7207
all,h7208
all,h7209
all,h7210
all,h7211
all,h7212
all,h7213
all,h7214
all,h7215
all,h7216
all,h7217
all,h7218
all,h7219
all,h7220
all,h7221
all,h7222
all,h7223
all,h7224
all,h7225
all,h7226
all,h7227
all,h7228
all,h7229
all,h7230
all,h7231
all,h7232
all,h7233
all,h7234
all,h7235
all,h7236
all,h7237
all,h7238
all,h7239
all,h7240
all,h7241
all,h7242
all,h7243
all,h7244
all,h7245
all,h7246
all,h7247
all,h7248
all,h7249
all,h7250
all,h7251
all,h7252
all,h7253
all,h7254
all,h7255
all,h7256
all,h7257
all,h7258
all,h7259
all,h7260
all,h7261
all,h7262
all,h7263
all,h7264
all,h7265
all,h7266
all,h7267
all,h7268
all,h7269
all,h7270
all,h7271
all,h7272
all,h7273
all,h7274
all,h7275
all,h7276
all,h7277
all,h7278
all,h7279
all,h7280
all,h7281
all,h7282
all,h7283
all,h7284
all,h7285
all,h7286
all,h7287
all,h7288
all,h7289
all,h7290
all,h7291
all,h7292
all,h7293
all,h7294
all,h7295
all,h7296
all,h7297
all,h7298
all,h7299
all,h7300
all,h7301
all,h7302
all,h7303
all,h7304
all,h7305
all,h7306
all,h7307
all,h7308
all,h7309
all,h7310
all,h7311
all,h7312
all,h7313
all,h7314
all,h7315
all,h7316
all,h7317
all,h7318
all,h7319
all,h7320
all,h7321
all,h7322
all,h7323
all,h7324
all,h7325
all,h7326
all,h7327
all,h7328
all,h7329
all,h7330
all,h7331
all,h7332
all,h7333
all,h7334
all,h7335
all,h7336
all,h7337
all,h7338
all,h7339
all,h7340
all,h7341
all,h7342
all,h7343
all,h7344
all,h7345
all,h7346
all,h7347
all,h7348
all,h7349
all,h7350
all,h7351
all,h7352
all,h7353
all,h7354
all,h7355
all,h7356
all,h7357
all,h7358
all,h7359
all,h7360
all,h7361
all,h7362
all,h7363
all,h7364
all,h7365
all,h7366
all,h7367
all,h7368
all,h7369
all,h7370
all,h7371
all,h7372
all,h7373
all,h7374
all,h7375
all,h7376
all,h7377
all,h7378
all,h7379
all,h7380
all,h7381
all,h7382
all,h7383
all,h7384
all,h7385
all,h7386
all,h7387
all,h7388
all,h7389
all,h7390
all,h7391
all,h7392
all,h7393
all,h7394
all,h7395
all,h7396
all,h7397
all,h7398
all,h7399
all,h7400
all,h7401
all,h7402
all,h7403
all,h7404
all,h7405
all,h7406
all,h7407
all,h7408
all,h7409
all,h7410
all,h7411
all,h7412
all,h7413
all,h7414
all,h7415
all,h7416
all,h7417
all,h7418
all,h7419
all,h7420
all,h7421
all,h7422
all,h7423
all,h7424
all,h7425
all,h7426
all,h7427
all,h7428
all,h7429
all,h7430
all,h7431
all,h7432
all,h7433
all,h7434
all,h7435
all,h7436
all,h7437
all,h7438
all,h7439
all,h7440
all,h7441
all,h7442
all,h7443
all,h7444
all,h7445
all,h7446
all,h7447
all,h7448
all,h7449
all,h7450
all,h7451
all,h7452
all,h7453
all,h7454
all,h7455
all,h7456
all,h7457
all,h7458
all,h7459
all,h7460
all,h7461
all,h7462
all,h7463
all,h7464
all,h7465
all,h7466
all,h7467
all,h7468
all,h7469
all,h7470
all,h7471
all,h7472
all,h7473
all,h7474
all,h7475
all,h7476
all,h7477
all,h7478
all,h7479
all,h7480
all,h7481
all,h7482
all,h7483
all,h7484
all,h7485
all,h7486
all,h7487
all,h7488
all,h7489
all,h7490
all,h7491
all,h7492
all,h7493
all,h7494
all,h7495
all,h7496
all,h7497
all,h7498
all,h7499
all,h7500
all,h7501
all,h7502
all,h7503
all,h7504
all,h7505
all,h7506
all,h7507
all,h7508
all,h7509
all,h7510
all,h7511
all,h7512
all,h7513
all,h7514
all,h7515
all,h7516
all,h7517
all,h7518
all,h7519
all,h7520
all,h7521
all,h7522
all,h7523
all,h7524
all,h7525
all,h7526
all,h7527
all,h7528
all,h7529
all,h7530
all,h7531
all,h7532
all,h7533
all,h7534
all,h7535
all,h7536
all,h7537
all,h7538
all,h7539
all,h7540
all,h7541
all,h7542
all,h7543
all,h7544
all,h7545
all,h7546
all,h7547
all,h7548
all,h7549
all,h7550
all,h7551
all,h7552
all,h7553
all,h7554
all,h7555
all,h7556
all,h7557
all,h7558
all,h7559
all,h7560
all,h7561
all,h7562
all,h7563
all,h7564
all,h7565
all,h7566
all,h7567
all,h7568
all,h7569
all,h7570
all,h7571
all,h7572
all,h7573
all,h7574
all,h7575
all,h7576
all,h7577
all,h7578
all,h7579
all,h7580
all,h7581
all,h7582
all,h7583
all,h7584
all,h7585
all,h7586
all,h7587
all,h7588
all,h7589
all,h7590
all,h7591
all,h7592
all,h7593
all,h7594
all,h7595
all,h7596
all,h7597
all,h7598
all,h7599
all,h7600
all,h7601
all,h7602
all,h7603
all,h7604
all,h7605
all,h7606
all,h7607
all,h7608
all,h7609
all,h7610
all,h7611
all,h7612
all,h7613
all,h7614
all,h7615
all,h7616
all,h7617
all,h7618
all,h7619
all,h7620
all,h7621
all,h7622
all,h7623
all,h7624
all,h7625
all,h7626
all,h7627
all,h7628
all,h7629
all,h7630
all,h7631
all,h7632
all,h7633
all,h7634
all,h7635
all,h7636
all,h7637
all,h7638
all,h7639
all,h7640
all,h7641
all,h7642
all,h7643
all,h7644
all,h7645
all,h7646
all,h7647
all,h7648
all,h7649
all,h7650
all,h7651
all,h7652
all,h7653
all,h7654
all,h7655
all,h7656
all,h7657
all,h7658
all,h7659
all,h7660
all,h7661
all,h7662
all,h7663
all,h7664
all,h7665
all,h7666
all,h7667
all,h7668
all,h7669
all,h7670
all,h7671
all,h7672
all,h7673
all,h7674
all,h7675
all,h7676
all,h7677
all,h7678
all,h7679
all,h7680
all,h7681
all,h7682
all,h7683
all,h7684
all,h7685
all,h7686
all,h7687
all,h7688
all,h7689
all,h7690
all,h7691
all,h7692
all,h7693
all,h7694
all,h7695
all,h7696
all,h7697
all,h7698
all,h7699
all,h7700
all,h7701
all,h7702
all,h7703
all,h7704
all,h7705
all,h7706
all,h7707
all,h7708
all,h7709
all,h7710
all,h7711
all,h7712
all,h7713
all,h7714
all,h7715
all,h7716
all,h7717
all,h7718
all,h7719
all,h7720
all,h7721
all,h7722
all,h7723
all,h7724
all,h7725
all,h7726
all,h7727
all,h7728
all,h7729
all,h7730
all,h7731
all,h7732
all,h7733
all,h7734
all,h7735
all,h7736
all,h7737
all,h7738
all,h7739
all,h7740
all,h7741
all,h7742
all,h7743
all,h7744
all,h7745
all,h7746
all,h7747
all,h7748
all,h7749
all,h7750
all,h7751
all,h7752
all,h7753
all,h7754
all,h7755
all,h7756
all,h7757
all,h7758
all,h7759
all,h7760
all,h7761
all,h7762
all,h7763
all,h7764
all,h7765
all,h7766
all,h7767
all,h7768
all,h7769
all,h7770
all,h7771
all,h7772
all,h7773
all,h7774
all,h7775
all,h7776
all,h7777
all,h7778
all,h7779
all,h7780
all,h7781
all,h7782
all,h7783
all,h7784
all,h7785
all,h7786
all,h7787
all,h7788
all,h7789
all,h7790
all,h7791
all,h7792
all,h7793
all,h7794
all,h7795
all,h7796
all,h7797
all,h7798
all,h7799
all,h7800
all,h7801
all,h7802
all,h7803
all,h7804
all,h7805
all,h7806
all,h7807
all,h7808
all,h7809
all,h7810
all,h7811
all,h7812
all,h7813
all,h7814
all,h7815
all,h7816
all,h7817
all,h7818
all,h7819
all,h7820
all,h7821
all,h7822
all,h7823
all,h7824
all,h7825
all,h7826
all,h7827
all,h7828
all,h7829
all,h7830
all,h7831
all,h7832
all,h7833
all,h7834
all,h7835
all,h7836
all,h7837
all,h7838
all,h7839
all,h7840
all,h7841
all,h7842
all,h7843
all,h7844
all,h7845
all,h7846
all,h7847
all,h7848
all,h7849
all,h7850
all,h7851
all,h7852
all,h7853
all,h7854
all,h7855
all,h7856
all,h7857
all,h7858
all,h7859
all,h7860
all,h7861
all,h7862
all,h7863
all,h7864
all,h7865
all,h7866
all,h7867
all,h7868
all,h7869
all,h7870
all,h7871
all,h7872
all,h7873
all,h7874
all,h7875
all,h7876
all,h7877
all,h7878
all,h7879
all,h7880
all,h7881
all,h7882
all,h7883
all,h7884
all,h7885
all,h7886
all,h7887
all,h7888
all,h7889
all,h7890
all,h7891
all,h7892
all,h7893
all,h7894
all,h7895
all,h7896
all,h7897
all,h7898
all,h7899
all,h7900
all,h7901
all,h7902
all,h7903
all,h7904
all,h7905
all,h7906
all,h7907
all,h7908
all,h7909
all,h7910
all,h7911
all,h7912
all,h7913
all,h7914
all,h7915
all,h7916
all,h7917
all,h7918
all,h7919
all,h7920
all,h7921
all,h7922
all,h7923
all,h7924
all,h7925
all,h7926
all,h7927
all,h7928
all,h7929
all,h7930
all,h7931
all,h7932
all,h7933
all,h7934
all,h7935
all,h7936
all,h7937
all,h7938
all,h7939
all,h7940
all,h7941
all,h7942
all,h7943
all,h7944
all,h7945
all,h7946
all,h7947
all,h7948
all,h7949
all,h7950
all,h7951
all,h7952
all,h7953
all,h7954
all,h7955
all,h7956
all,h7957
all,h7958
all,h7959
all,h7960
all,h7961
all,h7962
all,h7963
all,h7964
all,h7965
all,h7966
all,h7967
all,h7968
all,h7969
all,h7970
all,h7971
all,h7972
all,h7973
all,h7974
all,h7975
all,h7976
all,h7977
all,h7978
all,h7979
all,h7980
all,h7981
all,h7982
all,h7983
all,h7984
all,h7985
all,h7986
all,h7987
all,h7988
all,h7989
all,h7990
all,h7991
all,h7992
all,h7993
all,h7994
all,h7995
all,h7996
all,h7997
all,h7998
all,h7999
all,h8000
all,h8001
all,h8002
all,h8003
all,h8004
all,h8005
all,h8006
all,h8007
all,h8008
all,h8009
all,h8010
all,h8011
all,h8012
all,h8013
all,h8014
all,h8015
all,h8016
all,h8017
all,h8018
all,h8019
all,h8020
all,h8021
all,h8022
all,h8023
all,h8024
all,h8025
all,h8026
all,h8027
all,h8028
all,h8029
all,h8030
all,h8031
all,h8032
all,h8033
all,h8034
all,h8035
all,h8036
all,h8037
all,h8038
all,h8039
all,h8040
all,h8041
all,h8042
all,h8043
all,h8044
all,h8045
all,h8046
all,h8047
all,h8048
all,h8049
all,h8050
all,h8051
all,h8052
all,h8053
all,h8054
all,h8055
all,h8056
all,h8057
all,h8058
all,h8059
all,h8060
all,h8061
all,h8062
all,h8063
all,h8064
all,h8065
all,h8066
all,h8067
all,h8068
all,h8069
all,h8070
all,h8071
all,h8072
all,h8073
all,h8074
all,h8075
all,h8076
all,h8077
all,h8078
all,h8079
all,h8080
all,h8081
all,h8082
all,h8083
all,h8084
all,h8085
all,h8086
all,h8087
all,h8088
all,h8089
all,h8090
all,h8091
all,h8092
all,h8093
all,h8094
all,h8095
all,h8096
all,h8097
all,h8098
all,h8099
all,h8100
all,h8101
all,h8102
all,h8103
all,h8104
all,h8105
all,h8106
all,h8107
all,h8108
all,h8109
all,h8110
all,h8111
all,h8112
all,h8113
all,h8114
all,h8115
all,h8116
all,h8117
all,h8118
all,h8119
all,h8120
all,h8121
all,h8122
all,h8123
all,h8124
all,h8125
all,h8126
all,h8127
all,h8128
all,h8129
all,h8130
all,h8131
all,h8132
all,h8133
all,h8134
all,h8135
all,h8136
all,h8137
all,h8138
all,h8139
all,h8140
all,h8141
all,h8142
all,h8143
all,h8144
all,h8145
all,h8146
all,h8147
all,h8148
all,h8149
all,h8150
all,h8151
all,h8152
all,h8153
all,h8154
all,h8155
all,h8156
all,h8157
all,h8158
all,h8159
all,h8160
all,h8161
all,h8162
all,h8163
all,h8164
all,h8165
all,h8166
all,h8167
all,h8168
all,h8169
all,h8170
all,h8171
all,h8172
all,h8173
all,h8174
all,h8175
all,h8176
all,h8177
all,h8178
all,h8179
all,h8180
all,h8181
all,h8182
all,h8183
all,h8184
all,h8185
all,h8186
all,h8187
all,h8188
all,h8189
all,h8190
all,h8191
all,h8192
all,h8193
all,h8194
all,h8195
all,h8196
all,h8197
all,h8198
all,h8199
all,h8200
all,h8201
all,h8202
all,h8203
all,h8204
all,h8205
all,h8206
all,h8207
all,h8208
all,h8209
all,h8210
all,h8211
all,h8212
all,h8213
all,h8214
all,h8215
all,h8216
all,h8217
all,h8218
all,h8219
all,h8220
all,h8221
all,h8222
all,h8223
all,h8224
all,h8225
all,h8226
all,h8227
all,h8228
all,h8229
all,h8230
all,h8231
all,h8232
all,h8233
all,h8234
all,h8235
all,h8236
all,h8237
all,h8238
all,h8239
all,h8240
all,h8241
all,h8242
all,h8243
all,h8244
all,h8245
all,h8246
all,h8247
all,h8248
all,h8249
all,h8250
all,h8251
all,h8252
all,h8253
all,h8254
all,h8255
all,h8256
all,h8257
all,h8258
all,h8259
all,h8260
all,h8261
all,h8262
all,h8263
all,h8264
all,h8265
all,h8266
all,h8267
all,h8268
all,h8269
all,h8270
all,h8271
all,h8272
all,h8273
all,h8274
all,h8275
all,h8276
all,h8277
all,h8278
all,h8279
all,h8280
all,h8281
all,h8282
all,h8283
all,h8284
all,h8285
all,h8286
all,h8287
all,h8288
all,h8289
all,h8290
all,h8291
all,h8292
all,h8293
all,h8294
all,h8295
all,h8296
all,h8297
all,h8298
all,h8299
all,h8300
all,h8301
all,h8302
all,h8303
all,h8304
all,h8305
all,h8306
all,h8307
all,h8308
all,h8309
all,h8310
all,h8311
all,h8312
all,h8313
all,h8314
all,h8315
all,h8316
all,h8317
all,h8318
all,h8319
all,h8320
all,h8321
all,h8322
all,h8323
all,h8324
all,h8325
all,h8326
all,h8327
all,h8328
all,h8329
all,h8330
all,h8331
all,h8332
all,h8333
all,h8334
all,h8335
all,h8336
all,h8337
all,h8338
all,h8339
all,h8340
all,h8341
all,h8342
all,h8343
all,h8344
all,h8345
all,h8346
all,h8347
all,h8348
all,h8349
all,h8350
all,h8351
all,h8352
all,h8353
all,h8354
all,h8355
all,h8356
all,h8357
all,h8358
all,h8359
all,h8360
all,h8361
all,h8362
all,h8363
all,h8364
all,h8365
all,h8366
all,h8367
all,h8368
all,h8369
all,h8370
all,h8371
all,h8372
all,h8373
all,h8374
all,h8375
all,h8376
all,h8377
all,h8378
all,h8379
all,h8380
all,h8381
all,h8382
all,h8383
all,h8384
all,h8385
all,h8386
all,h8387
all,h8388
all,h8389
all,h8390
all,h8391
all,h8392
all,h8393
all,h8394
all,h8395
all,h8396
all,h8397
all,h8398
all,h8399
all,h8400
all,h8401
all,h8402
all,h8403
all,h8404
all,h8405
all,h8406
all,h8407
all,h8408
all,h8409
all,h8410
all,h8411
all,h8412
all,h8413
all,h8414
all,h8415
all,h8416
all,h8417
all,h8418
all,h8419
all,h8420
all,h8421
all,h8422
all,h8423
all,h8424
all,h8425
all,h8426
all,h8427
all,h8428
all,h8429
all,h8430
all,h8431
all,h8432
all,h8433
all,h8434
all,h8435
all,h8436
all,h8437
all,h8438
all,h8439
all,h8440
all,h8441
all,h8442
all,h8443
all,h8444
all,h8445
all,h8446
all,h8447
all,h8448
all,h8449
all,h8450
all,h8451
all,h8452
all,h8453
all,h8454
all,h8455
all,h8456
all,h8457
all,h8458
all,h8459
all,h8460
all,h8461
all,h8462
all,h8463
all,h8464
all,h8465
all,h8466
all,h8467
all,h8468
all,h8469
all,h8470
all,h8471
all,h8472
all,h8473
all,h8474
all,h8475
all,h8476
all,h8477
all,h8478
all,h8479
all,h8480
all,h8481
all,h8482
all,h8483
all,h8484
all,h8485
all,h8486
all,h8487
all,h8488
all,h8489
all,h8490
all,h8491
all,h8492
all,h8493
all,h8494
all,h8495
all,h8496
all,h8497
all,h8498
all,h8499
all,h8500
all,h8501
all,h8502
all,h8503
all,h8504
all,h8505
all,h8506
all,h8507
all,h8508
all,h8509
all,h8510
all,h8511
all,h8512
all,h8513
all,h8514
all,h8515
all,h8516
all,h8517
all,h8518
all,h8519
all,h8520
all,h8521
all,h8522
all,h8523
all,h8524
all,h8525
all,h8526
all,h8527
all,h8528
all,h8529
all,h8530
all,h8531
all,h8532
all,h8533
all,h8534
all,h8535
all,h8536
all,h8537
all,h8538
all,h8539
all,h8540
all,h8541
all,h8542
all,h8543
all,h8544
all,h8545
all,h8546
all,h8547
all,h8548
all,h8549
all,h8550
all,h8551
all,h8552
all,h8553
all,h8554
all,h8555
all,h8556
all,h8557
all,h8558
all,h8559
all,h8560
all,h8561
all,h8562
all,h8563
all,h8564
all,h8565
all,h8566
all,h8567
all,h8568
all,h8569
all,h8570
all,h8571
all,h8572
all,h8573
all,h8574
all,h8575
all,h8576
all,h8577
all,h8578
all,h8579
all,h8580
all,h8581
all,h8582
all,h8583
all,h8584
all,h8585
all,h8586
all,h8587
all,h8588
all,h8589
all,h8590
all,h8591
all,h8592
all,h8593
all,h8594
all,h8595
all,h8596
all,h8597
all,h8598
all,h8599
all,h8600
all,h8601
all,h8602
all,h8603
all,h8604
all,h8605
all,h8606
all,h8607
all,h8608
all,h8609
all,h8610
all,h8611
all,h8612
all,h8613
all,h8614
all,h8615
all,h8616
all,h8617
all,h8618
all,h8619
all,h8620
all,h8621
all,h8622
all,h8623
all,h8624
all,h8625
all,h8626
all,h8627
all,h8628
all,h8629
all,h8630
all,h8631
all,h8632
all,h8633
all,h8634
all,h8635
all,h8636
all,h8637
all,h8638
all,h8639
all,h8640
all,h8641
all,h8642
all,h8643
all,h8644
all,h8645
all,h8646
all,h8647
all,h8648
all,h8649
all,h8650
all,h8651
all,h8652
all,h8653
all,h8654
all,h8655
all,h8656
all,h8657
all,h8658
all,h8659
all,h8660
all,h8661
all,h8662
all,h8663
all,h8664
all,h8665
all,h8666
all,h8667
all,h8668
all,h8669
all,h8670
all,h8671
all,h8672
all,h8673
all,h8674
all,h8675
all,h8676
all,h8677
all,h8678
all,h8679
all,h8680
all,h8681
all,h8682
all,h8683
all,h8684
all,h8685
all,h8686
all,h8687
all,h8688
all,h8689
all,h8690
all,h8691
all,h8692
all,h8693
all,h8694
all,h8695
all,h8696
all,h8697
all,h8698
all,h8699
all,h8700
all,h8701
all,h8702
all,h8703
all,h8704
all,h8705
all,h8706
all,h8707
all,h8708
all,h8709
all,h8710
all,h8711
all,h8712
all,h8713
all,h8714
all,h8715
all,h8716
all,h8717
all,h8718
all,h8719
all,h8720
all,h8721
all,h8722
all,h8723
all,h8724
all,h8725
all,h8726
all,h8727
all,h8728
all,h8729
all,h8730
all,h8731
all,h8732
all,h8733
all,h8734
all,h8735
all,h8736
all,h8737
all,h8738
all,h8739
all,h8740
all,h8741
all,h8742
all,h8743
all,h8744
all,h8745
all,h8746
all,h8747
all,h8748
all,h8749
all,h8750
all,h8751
all,h8752
all,h8753
all,h8754
all,h8755
all,h8756
all,h8757
all,h8758
all,h8759
all,h8760
